LAK001	o0000106	1415	AŠ	U+12038	
LAK002	o0221914	1447	AŠ@c	U+12550	
LAK003	o0000349	10078	LAK3	U+124D5	
LAK004	o0000245	7300	IDIM	U+12142	
LAK005	o0000236	6581	HAL	U+1212C	
LAK006	o0000213	5739	GIR₂	U+12108	
LAK007	o0000214	5741	GIR₂@g	U+12109	
LAK008	o0000099	1160	AN	U+1202D	
LAK009	o0000796	1218	|AN&AN|	U+1202E	
LAK010	o0000642	1161	|3×AN|	U+1202F	
LAK011	o0000311	10087	LAK11		
LAK012	o0000291	8729	KUL	U+121B0	
LAK013	o0000313	10090	LAK13		
LAK014	o0000457	11936	MU	U+1222C	
LAK015	o0002016	11941	|MU&MU|	U+1222D	
LAK016	o0000114	1641	BAD	U+12041	
LAK017	o0000555	19453	TIL	U+12300	
LAK018	o0000553	19403	TI	U+122FE	
LAK019	o0000118	1694	BAL	U+12044	
LAK020	o0000321	10098	LAK20		
LAK021	o0000322	10100	LAK21	U+124D6	
LAK022	o0000469	13161	NA	U+1223E	
LAK023	o0002840	18713	ŠIR	U+122D3	
LAK024b	o0000492	13794	NU₁₁@90	U+12393	
LAK024	o0000491	13780	NU₁₁	U+12262	
LAK025	o0000338	10106	LAK25	U+124D7	
LAK026	o0000293	8747	KUN	U+121B2	
LAK027	o0000344	10109	LAK27		
LAK028	o0000345	10111	LAK28		
LAK029	o0000273	8103	KAM₄	U+1219B	
LAK030	o0000350	10114	LAK30	U+124D8	
LAK031	o0000581	21965	URI₃	U+12336	
LAK032	o0002834	18548	ŠEŠ	U+122C0	
LAK033	o0002740	18553	|ŠEŠ.KI|	x122C0.x121A0	
LAK034	o0000444	11559	MA	U+12220	
LAK035	o0000445	11562	MA@g	U+12222	
LAK036	o0000487	13765	NU	U+12261	
LAK037	o0000362	10122	LAK37		
LAK038	o0000499	14073	PAN	U+1227C	
LAK039	o0002848	18918	ŠUBUR	U+122DA	
LAK040	o0000158	3245	DUN	U+12084	
LAK041	o0000119	1702	BALAG	U+12046	
LAK042	o0000449	11669	MAŠ	U+12226	
LAK043	o0000451	11686	MAŠ₂	U+12227	
LAK044	o0027568	11689	MAŠ₂@g		
LAK045	o0000897	1652	|BAD×DIŠ@t|	U+12483	
LAK046a	o0025810	10133	LAK046a		
LAK046	o0000193	4736	GAD	U+120F0	
LAK046@v	o0018556	10132	LAK046@v		
LAK047	o0000539	17906	SUR	U+122E9	
LAK048	o0000458	11991	MUG	U+1222E	
LAK049	o0023005	16300	|SAL×KUR|		
LAK050	o0000390	10138	LAK50	U+124D9	
LAK051	o0031506	10139	LAK051	U+124DA	
LAK052	o0000131	2523	BUR₂	U+12054	
LAK053	o0000141	2940	DIM	U+12074	
LAK054	o0000976	2942	|DIM×IGI|	U+1248A	
LAK055	o0000978	2947	|DIM×ŠE|	U+12075	
LAK056	o0000142	2949	DIM@g		
LAK057	o0000446	11601	MAH	U+12224	
LAK058	o0000595	22186	UŠ	U+12351	
LAK059	o0000843	1294	|ARAD×KUR|	U+12035	
LAK060	o0002617	22200	|UŠ×TAK₄|	U+12355	
LAK061	o0025727	10150	LAK061		
LAK062	o0018530	1422	|AŠ.GAN|	U+124DB	
LAK063b	o0001993	11672	|MAŠ.GU₂.GAR₃|	x12226.x12118.x120FC	
LAK063	o0001425	6007	|GU₂.GAR₃|	x12118.x120FC	
LAK064	o0000239	6763	HU	U+12137	
LAK065	o0001466	6765	|HU.HI|	x12137.x1212D	
LAK066	o0001470	6770	|HU.SI|	x12137.x122DB	
LAK067			Sequence u₅-a.
LAK068	o0001469	6769	|HU.NA₂|	x12137.x1223F	
LAK069	o0027540	6772	HU@g		
LAK070	o0002714	18311	|ŠE.HU|	U+122BB	
LAK071	o0000474	13231	NAM	U+12246	
LAK072b	o0025788	2564	|BURU₅×AMAR@t|		
LAK072	o0000130	2562	BURU₅	U+12245	
LAK073	o0027589	1428	|AŠ×AŠ@t|		
LAK074	o0000534	17743	SUD₂	U+122E5	
LAK075	o0000514	15421	RI	U+12291	
LAK076	o0000488	13828	NUN	U+12263	
LAK077	o0021460	10168	LAK077		
LAK078	o0002125	13837	|NUN.LAGAR|	x12263.x121EC	
LAK079a	o0025789	10172	|(LAK079&LAK079)@g|	U+124DC	
LAK079	o0025793	10170	LAK079		
LAK080	o0000418	10175	LAK80	U+124DD	
LAK081a	o0001886	10178	|LAK81&LAK81|	U+124DE	
LAK081	o0027563	10177	LAK81		
LAK082	o0000246	7311	IG	U+12145	
LAK083	o0000525	16478	SI	U+122DB	
LAK084	o0002337	16479	|SI.A|	x122DB.x12000	
LAK085	o0002365	16487	|SI×TAK₄|	U+12538	
LAK086	o0000526	16488	SI@g	U+122DC	
LAK087	o0000093	977	AK	U+1201D	
LAK088	o0000226	6204	GUR	U+12125	
LAK089	o0000199	4894	GAN₂	U+120F7	
LAK090	o0000544	19202	TAB	U+122F0	
LAK091	o0000034	23732	4(AŠ)	U+12402	
LAK092	o0000421	10191	LAK92	U+124DF	
LAK093	o0000310	10192	LAK093		
LAK094	o0000426	11246	LIL	U+121F8	
LAK095	o0000483	13553	NINDA₂	U+12252	
LAK096	o0002110	13583	|NINDA₂×KUL|		
LAK097	o0002098	13567	|NINDA₂×DIM@g|	U+12522	
LAK098	o0002106	13584	|NINDA₂×LAK50|	U+12527	
LAK099	o0028039	13563	|NINDA₂×AŠ@c|		
LAK100	o0027636	13633	|NINDA₂×3(AŠ@c)|		
LAK101	o0027634	13590	|NINDA₂×NIGIDAMIN@c|		
LAK102	o0028041	13622	|NINDA₂×U@c|		
LAK103	o0027882	13623	|NINDA₂×(U@c.U@c)|		
LAK104	o0002102	13578	|NINDA₂×GUD|	U+12256	
LAK105	o0002118	13595	|NINDA₂×ŠE|	U+1225A	
LAK106	o0223482	13604	|NINDA₂×(ŠE.AŠ@c)|	U+12598	
LAK107	o0223483	13605	|NINDA₂×(ŠE.AŠ@c.AŠ@c)|	U+12599	
LAK108	o0002118	13595	|NINDA₂×ŠE|	U+1225A	
LAK109	o0002109	13589	|NINDA₂×NE|	U+12258	
LAK110	o0002107	13585	|NINDA₂×MAŠ|	U+12528	
LAK111	o0002112	13627	|NINDA₂×URUDA|	U+1252C	
LAK112	o0002103	13579	|NINDA₂×GUL|	U+12524	
LAK113	o0002086	13593	|NINDA₂×(PAP.PAP)|	U+12529	
LAK114	o0002104	13580	|NINDA₂×HI|	U+12525	
LAK115	o0002105	13582	|NINDA₂×KEŠ₂|	U+12526	
LAK116	o0002101	13576	|NINDA₂×GIŠ|	U+12523	
LAK117	o0000618	23637	ZU₅	U+1236B	
LAK118	o0002679	23640	|ZU₅×(DIŠ@t.DIŠ@t.DIŠ@t)|	U+12543	
LAK119	o0000190	4713	GABA	U+120EE	
LAK120	o0000312	10219	LAK120		
LAK121	o0000497	13957	PA	U+1227A	
LAK122	o0002123	13859	|NUN&NUN|	U+1226A	
LAK123	o0000222	6063	GUD	U+1211E	
LAK124	o0001422	6078	|GUD×KUR|	U+12120	
LAK125	o0000580	21962	URI@n		
LAK126	o0000448	11649	MAR	U+12225	
LAK127	o0000454	11819	MES	U+12229	
LAK128	o0000102	1269	APIN	U+12033	
LAK129	o0002193	13992	|PA.IB|	x1227A.x12141	
LAK130	o0000314	10229	LAK130	U+124E0	
LAK131	o0018859	1777	|BAR×TAB|		
LAK132	o0000315	10231	LAK132		
LAK133	o0000859	1434	|AŠ&AŠ&AŠ|	U+1203C	
LAK134	o0000061	23747	6(AŠ~a)	U+12440	
LAK135	o0000242	7229	I	U+1213F	
LAK136	o0000166	3336	E	U+1208A	
LAK137	o0001123	3351	|E×PAP|	U+1208B	
LAK138	o0000095	1059	ALAN	U+12029	
LAK139	o0002845	18771	ŠU	U+122D7	
LAK140	o0000112	169	A₂	U+12009	
LAK141	o0025818	10240	LAK141		
LAK141	o0031747	18825	|ŠU×ŠE|		
LAK142	o0000316	10241	LAK142	U+124E1	
LAK143	o0000132	2595	DA	U+12055	
LAK144	o0000112	169	A₂	U+12009	
LAK145	o0000971	2598	|DA×TAK₄|	U+12488	
LAK146	o0002845	18771	ŠU	U+122D7	
LAK147	o0000263	7999	KAB	U+1218F	
LAK148	o0000477	13292	NE	U+12248	
LAK149	o0022992	13306	|NE×PAP|		
LAK150	o0027632	13305	|NE×KASKAL|		
LAK151	o0000317	10250	LAK151		
LAK152	o0000599	19871	U₂	U+12311	
LAK153	o0000121	1790	BARA₂	U+12048	
LAK154	o0000162	3256	DUN₃@g@g	U+12087	
LAK155	o0000573	21792	UMUM	U+12323	
LAK156b	o0000138	2795	DE₂	U+12324	
LAK156	o0002530	21797	|UMUM×PA|	U+12325	
LAK157	o0000462	12096	MURUB₄	U+12318	
LAK157	o0038409	21532	UD@g	U+12319	
LAK158	o0027570	12097	MURUB₄@g	U+F0058	
LAK159	o0000485	13721	NISAG	U+12260	
LAK160	o0000204	4972	GAR₃	U+120FC	
LAK161	o0000204	4972	GAR₃	U+120FC	
LAK162a	o0000110	1465	AŠ₂	U+1203E	
LAK162b	o0000612	23609	ZIZ₂	U+12369	
LAK163	o0000259	7696	IŠ	U+12156	
LAK164	o0000194	4801	GAL	U+120F2	
LAK165	o0000434	11467	LUGAL	U+12217	
LAK166	o0000435	11477	LUGAL@s	U+1221A	
LAK167	o0000248	7372	IGI@g	U+1214A	
LAK168	o0000436	11492	LUH	U+1221B	
LAK169	o0000129	2515	BUR	U+12053	
LAK170	o0002824	17991	ŠA	U+122AD	
LAK171	o0000267	8018	KAD₄	U+12192	
LAK171@s	o0000318	10273	LAK171@s		
LAK172	o0000252	7412	IL₂	U+1214D	
LAK173	o0000268	8022	KAD₅	U+12193	
LAK173	o0000319	10275	LAK173	U+12193	
LAK174	o0000282	8443	KIN	U+121A5	
LAK175	o0000523	16347	SANGA₂	U+122AB	
LAK176	o0000579	21961	URI	U+12335	
LAK177	o0000166	3336	E	U+1208A	
LAK178	o0223363	1458	AŠ@t	U+12039	
LAK179			Sequence AŠ@t-DAR
LAK180	o0000196	4865	GAM	U+120F5	
LAK181	o0000548	19300	TAR	U+122FB	
LAK182	o0000539	17906	SUR	U+122E9	
LAK183	o0000241	6804	HUL₂	U+1213E	
LAK184	o0027610	6805	|HUL₂×X|		
LAK185	o0000010	23802	2(AŠ@t)	U+1244A	
LAK186	o0000179	4331	EŠ₂@t		
LAK186	o0000201	4902	GAN₂@t	U+120F8	
LAK187	o0002832	18447	ŠEG₉	U+122BE	
LAK188	o0000528	16540	SIG₄	U+122DE	
LAK189	o0000424	11123	LAM	U+121F4	
LAK190	o0001906	11128	|LAM×KUR|	U+121F5	
LAK191	o0000021	23804	3(AŠ@t)	U+1244B	
LAK192			Sequence eš-bar
LAK193	o0000048	23808	5(AŠ@t)	U+1244D	
LAK194	o0000438	11524	LUM	U+1221D	
LAK195	o0000229	6212	GUR₇	U+12126	
LAK195	o0000320	10297	LAK195	U+12126	
LAK196	o0002829	18025	ŠA₆	U+122B7	
LAK197	o0000536	17847	SUM	U+122E7	
LAK198	o0018582	17849	|SUM×DIŠ|		
LAK199	o0002831	18294	ŠE	U+122BA	
LAK200	o0002709	18363	|ŠE&ŠE|	U+12532	
LAK201	o0002714	18311	|ŠE.HU|	U+122BB	
LAK202	o0025729	10304	LAK202		
LAK203	o0025822	10305	LAK203		
LAK204	o0002726	18332	|ŠE.NUN&NUN|	U+12301	
LAK205	o0221917	10307	LAK205		
LAK206	o0000425	11195	LI	U+121F7	
LAK207a	o0025824	10310	LAK207a		
LAK207	o0000634	18366	|(ŠE&ŠE).HUB₂|	U+12533	
LAK208	o0000298	14988	REC145	U+121AE	
LAK209	o0000470	13184	NAGA	U+12240	
LAK210	o0000323	10313	LAK210	U+124E2	
LAK211	o0000556	19520	TU	U+12305	
LAK212	o0000105	1374	ASAL₂~a	U+12037	
LAK213	o0000325	10316	LAK213		
LAK214	o0000256	7566	IN	U+12154	
LAK215	o0000524	16381	SAR	U+122AC	
LAK216	o0002335	16384	|SAR×ŠE|	U+12535	
LAK217	o0027644	16386	|SAR×ZIZ₂|		
LAK218	o0002673	23630	|ZU&ZU.SAR|	U+12542	
LAK219	o0000326	10322	LAK219	U+124E3	
LAK220	o0000327	10323	LAK220	U+124E4	
LAK221	o0000476	13164	NA₂	U+1223F	
LAK222	o0000328	10325	LAK222		
LAK223	o0027607	6693	|HI.SUHUR|	x1212D.x122E6	
LAK224	o0027612	7359	|IGI.SUHUR|	x12146.x122E6	
LAK225	o0000329	10328	LAK225	U+124E5	
LAK226	o0000537	17857	SUMAŠ	U+122E8	
LAK227	o0000535	17790	SUHUR	U+122E6	
LAK228	o0000330	10331	LAK228	U+124E6	
LAK229	o0000500	14086	PAP	U+1227D	
LAK230	o0002231	14101	|PAP.PAP|	x1227D.x1227D	
LAK231	o0000331	10334	LAK231		
LAK232	o0000124	2404	BU	U+1204D	
LAK233	o0000126	2435	BU@g		
LAK234	o0025731	10338	LAK234		
LAK235	o0000463	12122	MUŠ	U+12232	
LAK236	o0002021	12150	|MUŠ%MUŠ|	U+12238	
LAK237	o0000144	2982	DIN	U+12077	
LAK238	o0000332	10343	LAK238	U+124E7	
LAK239	o0000333	10344	LAK239		
LAK240	o0245336	10345	LAK240		
LAK241	o0000334	10346	LAK241		
LAK242	o0000437	11509	LUL	U+1221C	
LAK243	o0000437	11509	LUL	U+1221C	
LAK244	o0000335	10349	LAK244		
LAK245	o0000501	14160	PEŠ₂	U+1227E	
LAK246	o0000336	10351	LAK246		
LAK247	o0000337	10352	LAK247		
LAK248b	o0025828	10356	LAK248b		
LAK248@g	o0025826	10354	LAK248@g		
LAK248	o0000215	5744	GIR₃	U+1210A	
LAK248	o0000286	8568	KIŠ	U+121A7	
LAK249	o0001352	5759	|GIR₃×IGI|	U+1210D	
LAK250	o0027597	6543	|HA@g×IGI.LU|	X.x121FB	
LAK251	o0001351	5757	|GIR₃×GAN₂@t|	U+1210C	
LAK252	o0000339	10360	LAK252		
LAK253	o0000101	1235	ANŠE	U+12032	
LAK254	o0021775	1248	|ANŠE×SAL|		
LAK255	o0001353	5763	|GIR₃×PA|	U+1210F	
LAK256@g	o0025829	10365	LAK256@g		
LAK256	o0025860	10364	LAK256		
LAK257	o0000503	14223	PIRIG	U+1228A	
LAK258	o0027638	14232	|PIRIG×PA.LAGAB|	X.x121B8	
LAK259	o0002244	14234	|PIRIG×UD|	U+1228C	
LAK260	o0027640	14233	|PIRIG×ŠE|		
LAK261	o0002245	14236	|PIRIG×ZA|	U+1228D	
LAK262@g	o0025831	10372	LAK262@g		
LAK262	o0000340	10371	LAK262		
LAK263	o0000341	10373	LAK263		
LAK264	o0000136	2763	DARA₃	U+12070	
LAK265	o0000342	10376	LAK265	U+124E8	
LAK266	o0000343	10377	LAK266	U+124E9	
LAK267	o0000097	1118	AMAR	U+1202B	
LAK268	o0000795	1126	|AMAR×ŠE|	U+1202C	
LAK269	o0000530	16614	SILA₃	U+122E1	
LAK270	o0000482	13495	NIM	U+1224F	
LAK271	o0000482	13495	NIM	U+1224F	
LAK272	o0002081	13498	|NIM×GAN₂@t|	U+12250	
LAK273	o0000275	8181	KASKAL	U+1219C	
LAK274	o0000513	15012	REC169		
LAK275	o0001584	8183	|KASKAL.GA|	x1219C.x120B5	
LAK276	o0001363	5926	|GIŠ%GIŠ|	U+12112	
LAK277	o0001405	5920	|GIŠ×(GIŠ%GIŠ)|	U+124CB	
LAK278a	o0001124	4323	|EŠ₂%EŠ₂|	U+124AC	
LAK278b	o0001136	4329	|EŠ₂@g@t%EŠ₂@g@t|		
LAK279	o0000431	11324	LIŠ	U+121FA	
LAK280	o0000175	4225	ERIN₂	U+1209F	
LAK281	o0000516	15967	RU	U+12292	
LAK282	o0000547	19260	TAK₄	U+122FA	
LAK283a	o0025775	10396	LAK283a		
LAK283	o0000605	22539	ZAG	U+12360	
LAK284	o0000564	21415	UB	U+12312	
LAK285	o0000193	4736	GAD	U+120F0	
LAK286	o0000346	10399	LAK286		
LAK287	o0000347	10400	LAK287		
LAK288	o0001190	4744	|GAD.TAK₄.SI|	x120F0.x122FA.x122DB	
LAK289	o0000572	21763	UMBIN	U+12322	
LAK290	o0000113	1607	BA	U+12040	
LAK291	o0000614	23625	ZU	U+1236A	
LAK292	o0002674	23626	|ZU.AB|	x1236A.x1200A	
LAK293	o0000531	17657	SU	U+122E2	
LAK294	o0002371	17663	|SU.KUR.RU|	x122E2.x121B3.x12292	
LAK295	o0002743	18593	|ŠID×A|	U+122C4	
LAK296	o0000104	1343	ARKAB₂	U+12036	
LAK297	o0000104	1343	ARKAB₂	U+12036	
LAK298	o0000348	10411	LAK298		
LAK299	o0002459	19828	|U.GUD|	U+1230C	
LAK300	o0002459	19828	|U.GUD|	U+1230C	
LAK301	o0000308	10016	LAGAR@g	U+121EF	
LAK302	o0000308	10016	LAGAR@g	U+121EF	
LAK303	o0001853	10008	|LAGAR×ŠE|	U+121ED	
LAK304a	o0000172	3961	ELLES396	U+12361	
LAK304	o0000295	8869	KUŠU₂	U+121B5	
LAK305	o0002500	21493	|UD.KUŠU₂|	U+12314	
LAK306	o0000307	10001	LAGAR	U+121EC	
LAK307	o0000518	16047	SAG	U+12295	
LAK308	o0002277	16067	|SAG×HA|	U+12299	
LAK309a	o0025837	10425	LAK309a		
LAK309a	o0031737	16069	|SAG×IGI|		
LAK309	o0002271	16102	|SAG@g×HA|	U+1252D	
LAK310	o0002285	16091	|SAG×TAK₄@f|	U+12539	
LAK311	o0002276	16064	|SAG×EN|	U+1252E	
LAK312	o0002279	16071	|SAG×KAK|	U+1229A	
LAK313	o0027642	16080	|SAG×NI|		
LAK314	o0002274	16062	|SAG×DU|	U+12297	
LAK315	o0000351	10431	LAK315		
LAK316	o0002466	19837	|U.SAG|	x1230B.x12295	
LAK317	o0000519	16101	SAG@g	U+122A8	
LAK318	o0000260	7809	KA	U+12157	
LAK319	o0001666	7961	|KA×U|	U+12187	
LAK320	o0001630	7886	|KA×GIR₂|	U+12168	
LAK321	o0001668	7963	|KA×U₂|	U+12188	
LAK322	o0001674	7948	|KA×ŠE|	U+12181	
LAK323	o0001676	7951	|KA×ŠU|	U+12183	
LAK324	o0001626	7876	|KA×GAN₂@t|	U+12164	
LAK325	o0001655	7942	|KA×SAR|	U+1217F	
LAK326	o0001638	7897	|KA×IM|	U+1216E	
LAK327	o0027613	7933	|KA×NI₂|		
LAK328	o0001605	7962	|KA×(U.U.U)|	U+124D2	
LAK329	o0018560	21489	|UD.KA.AŠ|	x12313.x12157.x12038	
LAK330	o0001627	7879	|KA×GAR|	U+12165	
LAK331	o0001611	7842	|KA×A|	U+12158	
LAK332	o0000353	10448	LAK332		
LAK333	o0001656	7940	|KA×SA|	U+1217E	
LAK334	o0001648	7911	|KA×ME|	U+12174	
LAK335	o0001671	7974	|KA×ZI|	U+1218C	
LAK336	o0000354	10452	LAK336		
LAK337	o0000439	11351	LU₂	U+121FD	
LAK338	o0001968	11388	|LU₂×DIŠ|	U+1251A	
LAK339	o0001955	11432	|LU₂@g×AŠ|	U+12519	
LAK340a	o0001983	11411	|LU₂×PAP|	U+1251C	
LAK340b	o0001974	11394	|LU₂×HAL|	U+1251B	
LAK340	o0025839	10456	LAK340		
LAK341	o0001961	11412	|LU₂×(PAP.PAP.LU₃)|	U+1251D	
LAK342	o0001984	11420	|LU₂×TAK₄|	U+1251E	
LAK343	o0000355	10461	LAK343	U+124EA	
LAK344	o0001967	11384	|LU₂×BAD|	U+121FF	
LAK345	o0001957	11437	|LU₂@s×BAD|	U+12389	
LAK346	o0000109	1503	AŠGAB	U+1203F	
LAK347	o0000356	10465	LAK347	U+124EB	
LAK348	o0000357	10466	LAK348	U+124EC	
LAK349	o0000358	10467	LAK349		
LAK350@90	o0025733	10469	LAK350@90		
LAK350	o0000592	22368	UZU	U+1235C	
LAK351	o0000232	6524	HA	U+12129	
LAK352	o0000234	6544	HA@t	U+1212A	
LAK353	o0000233	6538	HA@g	U+1212B	
LAK354	o0000235	6546	HA@t@g	U+124CE	
LAK355	o0027565	9842	LA₂@t		
LAK356	o0002812	18835	|ŠU₂.AN|	x122D9.x1202D	
LAK357	o0002811	18839	|ŠU₂.AN.HI×GAD|	x122D9.x1202D.x12132	
LAK358	o0002807	18848	|ŠU₂.(E₂×AN)|	U+12537	
LAK359	o0000237	6682	HI	U+1212D	
LAK360	o0001443	6683	|HI.A|	x1212D.x12000	
LAK361	o0001447	6699	|HI×AŠ|	U+1212E	
LAK362	o0000624	6700	|(HI×AŠ)&(HI×AŠ)|	U+124CF	
LAK363	o0025841	10482	LAK363		
LAK364	o0000490	13887	NUNUZ	U+1226D	
LAK365	o0027609	6713	|HI×HAL|		
LAK366	o0001453	6708	|HI×BAD|	U+12130	
LAK367	o0001462	6719	|HI×NUN|	U+12134	
LAK368	o0001461	6724	|HI×NUN.ME|	x12134.x12228	
LAK368@s	o0000360	10488	LAK368@s		
LAK369	o0000361	10489	LAK369		
LAK370	o0001452	6703	|HI×AŠ₂|	U+1212F	
LAK371	o0001449	6705	|HI×AŠ₂.HI×AŠ₂|	x1212F.x1212F	
LAK372	o0001464	6731	|HI×ŠE|	U+12135	
LAK373	o0000550	19332	TE	U+122FC	
LAK374	o0002414	19338	|TE.ME|	x122FC.x12228	
LAK375	o0002412	19333	|TE.A|	x122FC.x12000	
LAK376	o0000254	7489	IM	U+1214E	
LAK377	o0000486	13374	NI₂	U+1224E	
LAK378	o0001549	7512	|IM×TAK₄|	U+1214F	
LAK379	o0000565	21460	UD	U+12313	
LAK380	o0025842	10500	LAK380		
LAK381	o0002516	21538	|UD@s×BAD|	U+1231B	
LAK382	o0000551	19341	TE@g	U+122FD	
LAK383	o0000363	10503	LAK383	U+124ED	
LAK384	o0000364	10504	LAK384	U+124EE	
LAK385	o0002850	18833	ŠU₂	U+122D9	
LAK386	o0000365	10506	LAK386		
LAK387	o0000366	10507	LAK387		
LAK388	o0000367	10508	LAK388		
LAK389	o0000224	6152	GUL	U+12122	
LAK390	o0000368	10510	LAK390	U+124EF	
LAK391	o0000455	11851	MI	U+1222A	
LAK392	o0000156	3200	DUGUD	U+12082	
LAK393	o0002015	11854	|MI.ZA₇|	U+1251F	
LAK394	o0000212	5652	GIG	U+1237C	
LAK395	o0038384	10515	LAK395		
LAK396	o0002815	18844	|ŠU₂.DUG×NI|	U+12536	
LAK397	o0027760	18847	|ŠU₂.E₂|	x122D9.x1208D	
LAK398	o0000498	14041	PAD	U+1227B	
LAK399	o0038386	10519	LAK399		
LAK400	o0000527	16534	SIG	U+122DD	
LAK401	o0002473	19848	|U.UD|	x1230B.x12313	
LAK402	o0002472	19849	|U.UD.KID|	x1230B.x12313.x121A4	
LAK403	o0000090	247	AB₂	U+12016	
LAK404	o0000763	254	|AB₂.ŠA₃|	x12016.x122AE	
LAK405	o0027588	256	|(AB₂.ŠA₃)&(AB₂.ŠA₃)|		
LAK406	o0000770	290	|AB₂×TAK₄|	U+1201B	
LAK407b	o0002456	19825	|U.GAN|	x1230B.x120F6	
LAK407	o0025844	10527	LAK407		
LAK408	o0000370	10529	LAK408		
LAK409	o0000371	10530	LAK409		
LAK410	o0000372	10531	LAK410		
LAK411	o0002477	19840	|U.ŠA|	x1230B.x122AD	
LAK412	o0002457	19821	|U.GA|	x1230B.x120B5	
LAK413	o0002461	19830	|U.KA|	x1230B.x12157	
LAK414	o0002446	19811	|U.AD|	x1230B.x1201C	
LAK415	o0038388	10536	LAK415		
LAK416	o0025846	10537	LAK416		
LAK417	o0000456	11882	MIN	U+1222B	
LAK418	o0002442	19859	|U&U.SUR&SUR|	U+1230F	
LAK419	o0000635	18338	|(ŠE.NUN&NUN)&(ŠE.NUN&NUN).GAD&GAD.GAR&GAR|	U+12304	
LAK419	o0002441	19858	|U&U.PA&PA.GAR&GAR|	U+1230E	
LAK420	o0027646	19857	|U&U.GAR₃&GAR₃|	X.X	
LAK421	o0000247	7319	IGI	U+12146	
LAK422	o0001510	7357	|IGI.RI|	U+12148	
LAK423	o0001511	7358	|IGI.RU|	x12146.x12292	
LAK424	o0001492	7330	|IGI.ERIN₂|	x12146.x1209F	
LAK425	o0038390	7362	|IGI.UD|	x12146.x12313	
LAK426	o0221938	7335	|IGI.GAN₂@t|	x12146.x120F8	
LAK427	o0001489	7327	|IGI.DUB|	x12146.x1207E	
LAK428	o0001516	7363	|IGI.UR|	x12146.x12328	
LAK429	o0031712	7340	|IGI.KID|	x12146.x121A4	
LAK430	o0038392	7355	|IGI.NISAG|	x12146.x12260	
LAK431	o0025848	10552	LAK431		
LAK432	o0001487	7324	|IGI.DIB|	U+12147	
LAK433	o0018571	10554	LAK433		
LAK434	o0001495	7331	|IGI.EŠ₂|	x12146.x120A0	
LAK435	o0001497	7336	|IGI.GAR|	x12146.x120FB	
LAK436			No drawn sign; some references
LAK437	o0000248	7372	IGI@g	U+1214A	
LAK438	o0000296	8652	KU₃	U+121AC	
LAK439	o0000139	2855	DI	U+12072	
LAK440	o0000279	8277	KI	U+121A0	
LAK441	o0000373	10562	LAK441	U+124F0	
LAK442	o0000309	10062	LAHŠU	U+121F1	
LAK443	o0002828	17997	ŠA₃	U+122AE	
LAK444	o0027544	10565	LAK444		
LAK445	o0027545	10566	LAK445		
LAK446	o0001766	8875	|KUŠU₂×SAL|		
LAK447	o0000502	14180	PI	U+1227F	
LAK448			Sequence PI A
LAK449b	o0025778	10581	LAK449b		
LAK449	o0002142	13888	|NUNUZ.AB₂|	x1226D.x12016	
LAK450	o0000375	10582	LAK450	U+124F7	
LAK451	o0002146	13889	|NUNUZ.AB₂×AŠGAB|	U+1226E	
LAK452	o0001856	10577	|LAK449×(U₂.BA)|	U+124F6	
LAK453	o0000376	10585	LAK453	U+124F5	
LAK453	o0001855	10575	|LAK449×(PAP.PAP.LU₃)|	U+124F5	
LAK454	o0001854	10574	|LAK449×(PAP.LU₃)|	U+124F4	
LAK455a	o0001857	10572	|LAK449×GU|	U+124F2	
LAK455a	o0027620	10579	|LAK449a×GU|	U+124F2	
LAK455	o0001858	10573	|LAK449×IGI|	U+124F3	
LAK455	o0027622	10580	|LAK449a×IGI|	U+124F3	
LAK456	o0027547	10589	LAK456		
LAK457	o0000377	10590	LAK457	U+124F8	
LAK458	o0002456	19825	|U.GAN|	x1230B.x120F6	
LAK459	o0000615	23650	ZUBI		
LAK460	o0000273	8103	KAM₄	U+1219B	
LAK460	o0000379	10593	LAK460	U+1219B	
LAK461a	o0025780	10595	LAK461a		
LAK461	o0000294	8781	KUR	U+121B3	
LAK462	o0000466	12167	MUŠ₃	U+12239	
LAK463	o0000467	12192	MUŠ₃@g	U+1223D	
LAK464	o0000210	5566	GI	U+12100	
LAK465	o0001335	5580	|GI%GI|	U+12103	
LAK466	o0000219	5584	GI₄	U+12104	
LAK467	o0001409	5586	|GI₄&GI₄|	U+12105	
LAK468	o0000609	23510	ZI	U+12363	
LAK469	o0002666	23516	|ZI&ZI|	U+12364	
LAK470	o0000380	10604	LAK470	U+124F9	
LAK471	o0000381	10605	LAK471		
LAK472	o0000588	21921	UR₄	U+12334	
LAK473	o0000558	19589	TUK	U+12307	
LAK474	o0000240	6780	HUB₂	U+12138	
LAK475	o0001473	6782	|HUB₂×AN|	U+12139	
LAK476	o0001477	6786	|HUB₂×UD|	U+1213D	
LAK477	o0001475	6784	|HUB₂×KASKAL|	U+1213B	
LAK478	o0027542	8002	KAB@g		
LAK479	o0000585	21884	UR₂	U+1232B	
LAK480	o0002596	21913	|UR₂×UD|	U+1253D	
LAK481	o0000143	2951	DIM₂	U+12076	
LAK482	o0002597	21908	|UR₂×U₂|	U+12331	
LAK483	o0000382	10617	LAK483	U+124FA	
LAK484	o0000149	3047	DU	U+1207A	
LAK485	o0027593	3055	|DU×KASKAL|		
LAK486	o0000150	3062	DU@g	U+1207C	
LAK487	o0027591	3065	|DU@g×KASKAL|		
LAK488	o0000383	10622	LAK488		
LAK489	o0023027	18745	|ŠITA.GIŠ|	x122D6.x12111	
LAK490@90	o0025734	10626	LAK490@90		
LAK490	o0000384	10624	LAK490	U+124FB	
LAK491	o0027624	10625	|LAK490×KASKAL|		
LAK492	o0000385	10628	LAK492	U+124FC	
LAK493	o0000386	10629	LAK493	U+124FD	
LAK494	o0000559	19629	TUM	U+12308	
LAK495	o0000387	10631	LAK495	U+124FE	
LAK496	o0221890	10632	LAK496		
LAK497a	o0002428	19637	|TUM×(DIŠ.DIŠ.DIŠ)|	U+1253B	
LAK497b	o0002429	19639	|TUM×GAN₂@t|	U+1253A	
LAK498	o0000388	10635	LAK498		
LAK499	o0000168	3484	EGIR	U+12095	
LAK500	o0000391	10637	LAK500		
LAK501	o0000249	7409	IL	U+1214B	
LAK502	o0000249	7409	IL	U+1214B	
LAK503a	o0028106	18750	ŠITA~a		
LAK503b	o0002842	18743	ŠITA	U+122D6	
LAK503	o0002842	18743	ŠITA	U+122D6	
LAK504	o0000269	8045	KAK	U+12195	
LAK505	o0001573	8046	|KAK.GIŠ|	x12195.x12111	
LAK506	o0000479	13358	NI	U+1224C	
LAK507	o0000257	7609	IR	U+12155	
LAK508	o0027548	10647	LAK508		
LAK509	o0000221	5996	GU	U+12116	
LAK510	o0001412	6002	|GU%GU|	U+12117	
LAK511	o0002079	13366	|NI.UD|	U+1238E	
LAK512	o0000473	13202	NAGAR	U+12244	
LAK513	o0002072	13361	|NI.GIŠ|	x1224C.x12111	
LAK514	o0002076	13365	|NI.TUK|	x1224C.x12307	
LAK515	o0000094	1013	AL	U+12020	
LAK516	o0027532	1025	AL@s		
LAK517	o0000522	16239	SAL	U+122A9	
LAK518	o0000170	3517	EL	U+12096	
LAK519	o0027643	16243	|SAL.AŠ₂|	x122A9.x1203E	
LAK520	o0000617	23685	ZUM	U+1236E	
LAK521	o0002327	16289	|SAL.UR|	x122A9.x12328	
LAK522	o0002323	16274	|SAL.TUG₂|	U+1238F	
LAK523	o0000134	2717	DAM	U+1206E	
LAK524	o0000393	23690	|ZUM×TUG₂|		
LAK525	o0000202	4938	GAR	U+120FB	
LAK526	o0000394	10665	LAK526		
LAK527	o0000175	4225	ERIN₂	U+1209F	
LAK528	o0000560	19687	TUR	U+12309	
LAK529	o0000452	11565	MA₂	U+12223	
LAK530	o0000395	10670	LAK530		
LAK531	o0001078	4055	|EN×GAN₂@t|	U+12099	
LAK532	o0000173	4017	EN	U+12097	
LAK533	o0027595	4053	|EN×A|		
LAK534	o0001082	4065	|EN×ME.LI|	x1209A.x121F7	
LAK535	o0000299	8663	KU₇	U+121AF	
LAK536	o0000088	207	AB	U+1200A	
LAK537	o0000089	243	AB@g	U+12015	
LAK538	o0000608	23489	ZE₂	U+12362	
LAK539	o0000396	10679	LAK539		
LAK540	o0000745	218	|AB×AŠ₂|	U+1200B	
LAK541	o0000753	233	|AB×NUN@t|	U+12480	
LAK542	o0000756	235	|AB×ŠU₂|	U+12481	
LAK543	o0000749	224	|AB×HA|	U+1200F	
LAK544	o0000230	6006	GU₂	U+12118	
LAK545	o0001431	6021	|GU₂×KAK|	U+12119	
LAK546	o0025735	10686	LAK546		
LAK547	o0001429	6020	|GU₂×IGI@g|	U+124CC	
LAK548	o0001018	3161	|DUG×GIŠ|	U+12496	
LAK549	o0001431	6021	|GU₂×KAK|	U+12119	
LAK550	o0000397	10690	LAK550	U+124FF	
LAK551	o0027605	6027	|GU₂×PA|		
LAK552	o0027603	6028	|GU₂×PAP|		
LAK553	o0027601	6018	|GU₂×(HI×U)|		
LAK554	o0027599	6017	|GU₂×(HI×DIŠ)|		
LAK555	o0027538	6033	GU₂@s		
LAK556	o0000231	6032	GU₂@g	U+1211D	
LAK557	o0001426	6012	|GU₂.NUNUZ|	x12118.x1226D	
LAK558	o0000398	10698	LAK558		
LAK559	o0000541	19179	TA	U+122EB	
LAK560	o0000155	3144	DUG	U+12081	
LAK561	o0001010	3153	|DUG×AŠ@f|	U+1248F	
LAK562	o0001011	3152	|DUG×AŠ|	U+1248E	
LAK563	o0001033	3180	|DUG×ŠE|	U+124A7	
LAK564	o0001025	3169	|DUG×LAK20|	U+1249E	
LAK565	o0001008	3173	|DUG×(LUH.GIŠ)|	U+124A1	
LAK566	o0001022	3165	|DUG×KASKAL|	U+1249A	
LAK567	o0001031	3178	|DUG×PI|	U+124A6	
LAK568	o0001006	3168	|DUG×(KUŠU₂.KASKAL)|	U+1249D	
LAK569	o0001016	3160	|DUG×GIR₂@g|	U+12495	
LAK570	o0001027	3174	|DUG×MAŠ|	U+124A2	
LAK571	o0001017	3159	|DUG×GI|	U+12494	
LAK572	o0001032	3179	|DUG×SI@g|	U+124A8	
LAK573	o0001015	3158	|DUG×GA|	U+12493	
LAK574	o0001029	3176	|DUG×MI|	U+124A4	
LAK575	o0001007	3171	|DUG×(LAM×KUR)|	U+124A0	
LAK576	o0001026	3170	|DUG×LAM|	U+1249F	
LAK577	o0001023	3166	|DUG×KUR|	U+1249B	
LAK578	o0001018	3161	|DUG×GIŠ|	U+12496	
LAK579	o0001028	3175	|DUG×MES|	U+124A3	
LAK580	o0001014	3157	|DUG×ERIN₂|	U+12492	
LAK581	o0001019	3162	|DUG×HA|	U+12497	
LAK582	o0001013	3156	|DUG×DUN|	U+12491	
LAK583	o0001009	3151	|DUG×ANŠE|	U+1248D	
LAK584	o0001020	3163	|DUG×HI|	U+12498	
LAK585	o0001012	3154	|DUG×DIN|	U+12490	
LAK586	o0001021	3164	|DUG×IGI@g|	U+12499	
LAK587	o0002407	19182	|TA×HI|	U+122ED	
LAK588	o0001030	3177	|DUG×NI|	U+124A5	
LAK589	o0000216	5837	GISAL	U+12110	
LAK590	o0001418	6068	|GUD.GIŠ×TAK₄|	U+124CD	
LAK591	o0000582	21986	URU	U+12337	
LAK592	o0002556	21997	|URU×DARA₃|	U+1253E	
LAK593	o0002557	21998	|URU×DUN|	U+1233B	
LAK594	o0002554	21992	|URU×AŠGAB|	U+12339	
LAK595	o0002574	22033	|URU×SIG₄|	U+1234A	
LAK596	o0002568	22012	|URU×IŠ|	U+12344	
LAK597	o0002553	21990	|URU×A|	U+12338	
LAK598	o0002577	22046	|URU×UD|	U+1234D	
LAK599	o0027647	22045	|URU×U₂@t|		
LAK600	o0002570	22015	|URU×LAK668|	U+1253F	
LAK601	o0002561	22004	|URU×GAN₂@t|	U+1233E	
LAK602	o0002564	22006	|URU×GU|	U+12340	
LAK603	o0002562	22005	|URU×GAR|	U+1233F	
LAK604	o0000584	22077	URUDA	U+1234F	
LAK605	o0000399	10745	LAK605		
LAK606	o0000400	10746	LAK606		
LAK607	o0000401	10747	LAK607		
LAK608	o0000402	10748	LAK608	U+12500	
LAK609	o0000153	3100	DUB	U+1207E	
LAK610	o0001363	5926	|GIŠ%GIŠ|	U+12112	
LAK611	o0000177	4435	EZEN	U+120A1	
LAK612	o0000278	8256	KEŠ₂	U+1219F	
LAK613	o0001101	4443	|EZEN×AN|	U+120A5	
LAK614	o0187962	4457	|EZEN×HAL|	U+F0056	
LAK615	o0001114	4462	|EZEN×LA|	U+120AF	
LAK616	o0001111	4459	|EZEN×KASKAL|	U+120AC	
LAK617	o0000403	10757	LAK617	U+12501	
LAK618	o0001865	10758	|LAK617×AŠ|	U+12502	
LAK619	o0001866	10759	|LAK617×BAD|	U+12503	
LAK620	o0001867	10763	|LAK617×KU₃|	U+12505	
LAK621	o0001868	10764	|LAK617×LA|	U+12506	
LAK622	o0027210	10760	|LAK617×DUN₃@g@g|	U+12504	
LAK623	o0001872	10770	|LAK617×UD|	U+1250A	
LAK624	o0001871	10768	|LAK617×TE|	U+12508	
LAK625	o0001874	10769	|LAK617×U₂|	U+12509	
LAK626	o0001870	10767	|LAK617×TAR|	U+12507	
LAK627	o0001873	10771	|LAK617×URUDA|	U+1250B	
LAK628	o0000546	19225	TAG	U+122F3	
LAK629	o0000208	5542	GEŠTIN	U+120FE	
LAK630	o0001333	5543	|GEŠTIN×KUR|	U+120FF	
LAK631	o0001334	5544	|GEŠTIN×U|	U+124CA	
LAK632	o0000154	3111	DUB₂	U+12080	
LAK633	o0000225	6159	GUM	U+12123	
LAK634	o0001424	6164	|GUM×ŠE|	U+12124	
LAK635	o0000092	841	AD	U+1201C	
LAK636	o0000405	10790	LAK636	U+1250C	
LAK637	o0000155	3144	DUG	U+12081	
LAK638	o0000406	10793	LAK638		
LAK639	o0000122	2296	BI	U+12049	
LAK639	o0000155	3144	DUG	U+12081	
LAK640	o0000928	2320	|BI×IGI@g|	U+1204C	
LAK641	o0000927	2318	|BI×GAR|	U+1204B	
LAK642	o0000926	2315	|BI×A|	U+1204A	
LAK643	o0027550	10798	LAK643		
LAK644	o0000197	4887	GAN	U+120F6	
LAK645	o0000198	4892	GAN@s		
LAK646	o0000407	10801	LAK646		
LAK647	o0025783	10802	LAK647		
LAK648	o0000408	10803	LAK648	U+1250D	
LAK649	o0000409	10818	LAK649		
LAK649	o0002555	21994	|URU×BAR|	U+1233A	
LAK650	o0028113	22029	|URU×MIN×IGI|	U+12510	
LAK651	o0001879	10809	|LAK648×IGI@g|	U+12511	
LAK652	o0027626	10805	|LAK648×DIŠ@c|		
LAK653	o0001884	10816	|LAK648×URUDA|	U+12516	
LAK654a	o0025784	10824	LAK654a		
LAK654	o0000542	19190	TA@g	U+122EF	
LAK655	o0002838	18642	ŠIM	U+122C6	
LAK656	o0002753	18662	|ŠIM×IGI@g|	U+122CD	
LAK657	o0002758	18668	|ŠIM×PI|	U+F0051	
LAK658	o0002755	18663	|ŠIM×KUŠU₂|	U+122CE	
LAK659	o0002752	18657	|ŠIM×GAR|	U+122CB	
LAK660	o0027582	18673	ŠIM@g	U+F0052	
LAK661	o0027655	18676	|ŠIM@g×PI|	U+F0055	
LAK661	o0038396	18674	|ŠIM@g×GAR|	U+F0053	
LAK662	o0027653	18675	|ŠIM@g×KUŠU₂|	U+F0054	
LAK663	o0000305	9837	LA	U+121B7	
LAK664	o0000576	21864	UR	U+12328	
LAK665	o0000174	4177	EREN	U+1209E	
LAK666	o0000160	3252	DUN₃	U+12085	
LAK667	o0000161	3253	DUN₃@g	U+12086	
LAK668	o0002353	16581	|SIK₂.LAM|	x122E0.x121F4	
LAK668	o0002836	18557	ŠEŠ₂	U+122C1	
LAK669	o0027580	18558	ŠEŠ₂@g		
LAK670	o0000137	2766	DARA₄	U+12071	
LAK671	o0000174	4177	EREN	U+1209E	
LAK672a	o0000597	22274	UŠX	U+12356	
LAK672b	o0000460	12039	MUNSUB	U+12230	
LAK673	o0000217	5854	GIŠ	U+12111	
LAK674	o0000206	4535	GA₂	U+120B7	
LAK675	o0001286	4550	|GA₂×AN|	U+120BC	
LAK676	o0001321	4662	|GA₂×PA|	U+120E2	
LAK677	o0001329	4689	|GA₂×ZIZ₂|	U+124C8	
LAK678	o0001320	4659	|GA₂×NUN|	U+120E0	
LAK679	o0001319	4660	|GA₂×(NUN&NUN)|	U+120E1	
LAK680	o0001305	4606	|GA₂×GI|	U+120CD	
LAK681	o0001306	4607	|GA₂×GI₄|	U+120CE	
LAK682	o0001299	4592	|GA₂×EN|	U+120C9	
LAK683	o0001271	4650	|GA₂×(ME.EN)|	U+120DE	
LAK684	o0001304	4598	|GA₂×GA|	U+124BB	
LAK685	o0001293	4584	|GA₂×DIM@g|	U+124B7	
LAK686	o0001295	4581	|GA₂×DI|	U+120C4	
LAK687	o0001258	4602	|GA₂×(GAR.DI)|	U+124BC	
LAK688	o0001318	4655	|GA₂×NE|	U+124C4	
LAK689	o0001273	4657	|GA₂×(NE.GI)|	U+124C6	
LAK690	o0001259	4605	|GA₂×(GAR.NE)|	U+124BD	
LAK691	o0001303	4601	|GA₂×GAR|	U+120CC	
LAK692	o0001272	4656	|GA₂×(NE.E₂)|	U+124C5	
LAK693	o0022953	4647	|GA₂×LI|		
LAK694	o0018533	4614	|GA₂×HA|		
LAK695	o0027183	4617	|GA₂×(HA.HA)|		
LAK696	o0001317	4654	|GA₂×MUŠ|	U+124C3	
LAK697	o0001326	4684	|GA₂×UD|	U+120EB	
LAK698	o0001322	4664	|GA₂×SAL|	U+120E3	
LAK699	o0001291	4575	|GA₂×BUR|	U+120C1	
LAK700	o0001268	4642	|GA₂×(KUŠU₂.KASKAL)|	U+124BF	
LAK701	o0001332	4676	|GA₂×ŠIM|	U+124C7	
LAK702	o0001254	4586	|GA₂×(DUG×IGI@g)|	U+124B8	
LAK703	o0001255	4587	|GA₂×(DUG×KASKAL)|	U+124B9	
LAK704	o0001270	4646	|GA₂×(LAM×KUR)|	U+124C1	
LAK705	o0001313	4645	|GA₂×LAM|	U+124C0	
LAK706	o0001289	4571	|GA₂×BAHAR₂|	U+124B6	
LAK707	o0001315	4648	|GA₂×LUH|	U+124C2	
LAK708	o0000410	10879	LAK708		
LAK709a	o0000228	6273	GURUŠ	U+12128	
LAK709b	o0000270	8066	KAL	U+12197	
LAK710	o0000510	14773	RA	U+1228F	
LAK711	o0002837	18589	ŠID	U+122C3	
LAK712a	o0025852	10884	LAK712a		
LAK712b	o0038394	10885	LAK712b		
LAK713	o0002833	18506	ŠEN	U+122BF	
LAK714	o0001878	10807	|LAK648×GA|	U+1250F	
LAK715	o0001882	10812	|LAK648×NI|	U+12512	
LAK716	o0001884	10816	|LAK648×URUDA|	U+12516	
LAK717	o0001877	10806	|LAK648×DUB|	U+1250E	
LAK718	o0001883	10815	|LAK648×UD|	U+12515	
LAK719	o0001876	10814	|LAK648×(ŠEŠ.KI)|	U+12514	
LAK720	o0001875	10813	|LAK648×(PAP.PAP.LU₃)|	U+12513	
LAK721	o0000962	2658	|DAG.KISIM₅×LU|	U+12065	
LAK722	o0027551	10895	LAK722		
LAK723	o0000284	8510	KISAL	U+121A6	
LAK724	o0000411	10897	LAK724	U+12517	
LAK725	o0027615	8512	|KISAL×UD|		
LAK726	o0000187	4509	GA	U+120B5	
LAK727	o0000188	4533	GA@g	U+120B6	
LAK728	o0001171	4520	|GA.KASKAL|	x120B5.x1219C	
LAK729	o0000574	8086	KALAM	U+12327	
LAK730	o0000575	8087	KALAM@g	U+12326	
LAK731	o0000517	16002	SA	U+12293	
LAK732	o0000180	3355	E₂	U+1208D	
LAK733	o0000281	8381	KID	U+121A4	
LAK734	o0021192	3380	|E₂×AŠ@t|	U+F004F	
LAK735	o0000277	7980	KA₂	U+1218D	
LAK736	o0001159	3388	|E₂×PAP|	U+124AA	
LAK737	o0001161	3392	|E₂×U|	U+12093	
LAK738	o0001157	3385	|E₂×KUR|	U+124A9	
LAK739	o0001160	3389	|E₂×SAL|	U+12091	
LAK740	o0000133	2634	DAG	U+12056	
LAK741	o0000969	2675	|DAG×KUR|	U+12489	
LAK742	o0000117	1676	BAHAR₂	U+12043	
LAK743	o0000898	1677	|BAHAR₂×AB₂|	U+12484	
LAK744	o0000953	2646	|DAG.KISIM₅×GA|	U+1205B	
LAK745	o0000899	1679	|BAHAR₂×NI|	U+12485	
LAK746	o0000900	1680	|BAHAR₂×ZA|	U+12486	
LAK747	o0000167	3448	EDIN	U+12094	
LAK748	o0000414	10921	LAK748		
LAK749	o0000415	10922	LAK749	U+12518	
LAK750	o0000453	11726	ME	U+12228	
LAK751			Sequence ME TE
LAK752	o0000120	1768	BAR	U+12047	
LAK753	o0000911	1775	|BAR×AN|		
LAK754	o0000293	8747	KUN	U+121B2	
LAK755	o0000244	7265	IB	U+12141	
LAK756	o0000422	11062	LAL	U+121F2	
LAK757	o0001890	11069	|LAL.SAR|	x121F2.x122AC	
LAK758	o0001889	11068	|LAL.NI|	x121F2.x1224C	
LAK759	o0027628	11073	|LAL×LAGAB|		
LAK760	o0000423	11077	LAL₂	U+121F3	
LAK761	o0001898	11087	|LAL₂.SAR|	x121F3.x122AC	
LAK762	o0027630	11093	|LAL₂×DU|		
LAK763	o0025676	11094	|LAL₂×DU.DU|	X.x1207A	
LAK764	o0000416	10937	LAK764		
LAK765	o0018528	10938	LAK765		
LAK766	o0000306	9867	LAGAB	U+121B8	
LAK767	o0001772	9870	|LAGAB.LAGAB|	x121B8.x121B8	
LAK768	o0001814	9917	|LAGAB×HAL|	U+121C9	
LAK769	o0001799	9884	|LAGAB×AN|	U+121BE	
LAK770	o0001835	9974	|LAGAB×TIL|		
LAK771	o0001838	9977	|LAGAB×U|	U+121E5	
LAK772b	o0025854	10946	LAK772b		
LAK772	o0027185	9886	|LAGAB×AŠ@c|		
LAK773	o0027553	10947	LAK773		
LAK774	o0000417	10948	LAK774		
LAK775	o0000433	11337	LU	U+121FB	
LAK776	o0027555	10950	LAK776		
LAK777	o0000967	2673	|DAG.KISIM₅×UŠ|	U+1206D	
LAK778	o0000594	22347	UZ₃	U+1235A	
LAK779	o0021461	10954	LAK779		
LAK780	o0000140	2872	DIB	U+12073	
LAK781	o0001778	9910	|LAGAB×(GUD&GUD)|	U+121C7	
LAK782	o0001817	9922	|LAGAB×IGI@g|	U+121CB	
LAK783	o0001832	9954	|LAGAB×SUM|	U+121E1	
LAK784a	o0001815	9914	|LAGAB×HA|	U+121C8	
LAK784	o0018538	9915	|LAGAB×(HA.A)|		
LAK785	o0001800	9873	|LAGAB×A|	U+121B9	
LAK786	o0025786	10962	LAK786		
LAK787	o0027619	9966	|LAGAB×ŠU|		
LAK788	o0001790	9994	|LAGAB×(ZU&ZU)|	U+124D4	
LAK789	o0027617	9901	|LAGAB×GAN₂|		
LAK790	o0000443	11441	LU₃	U+12216	
LAK791a	o0025856	10968	LAK791a		
LAK791	o0000165	3280	DUR₂	U+12089	
LAK792	o0000475	13239	NAM₂	U+12247	
LAK793	o0000529	16574	SIK₂	U+122E0	
LAK794	o0000178	4304	EŠ₂	U+120A0	
LAK795	o0000087	23	A	U+12000	
LAK796	o0000848	158	|A×HA|	U+12004	
LAK797	o0000087	23	A	U+12000	
LAK797	o0000603	22475	ZA	U+1235D	
LAK798	o0000607	22509	ZA₇	U+12541	
LAK799	o0002643	22482	|ZA.GUL|	x1235D.x12122	
LAK800	o0000846	156	|A×BAD|	U+12002	
LAK801	o0000299	8663	KU₇	U+121AF	
LAK802			Unidentified sign
LAK803			Unidentified sign
LAK804	o0027557	10981	LAK804		
LAK805	o0027559	10982	LAK805		
LAK806	o0027561	10983	LAK806		
LAK807	o0000561	19807	U	U+1230B	
LAK808	o0000562	19867	U@g	U+12434	
LAK809	o0002827	18196	ŠAR₂	U+122B9	
LAK810	o0027651	18203	|ŠAR₂×HA|		
LAK811	o0000419	10988	LAK811		
LAK812	o0000420	10989	LAK812		
LAK813	o0000490	13887	NUNUZ	U+1226D	
LAK813	o0027504	13928	NUNUZ~a	U+1226D	
LAK814	o0027657	10991	LAK814		
LAK815			Subject to further study; possibly a numeric sign
LAK816	o0000003	23897	1(BAN₂)	U+1244F	
LAK817	o0000181	24193	F₁	U+1245D	
LAK818	o0000182	24194	F₂	U+1245E	
LAK819	o0000283	8464	KINGUSILI	U+1245C	
LAK820	o0221914	1447	AŠ@c	U+12550	
LAK821	o0025858	10998	LAK821		
LAK821	o0223334	19864	U@c	U+12562	
LAK822	o0223469	5481	GEŠ₂@c	U+1256B	
LAK823	o0223467	5560	GEŠU@c	U+12574	
LAK824	o0025674	5561	|GEŠU@c×KASKAL|	U+F002B	
LAK825	o0223485	18215	ŠAR₂@c	U+12579	
LAK826	o0223373	24758	1(ŠARU@c)	U+12582	
LAK827a	o0245340	18271	ŠARU@v@c	U+F0033	
LAK827b	o0223374	24770	1(ŠARU@v)	U+F0035	
LAK828	o0002827	18196	ŠAR₂	U+122B9	
LAK829	o0223385	23913	1(BAN₂@c)	U+12593	
LAK830	o0223389	23915	2(BAN₂@c)	U+12594	
LAK831	o0223398	23917	3(BAN₂@c)	U+12595	
LAK832	o0223413	23921	4(BAN₂@c)	U+12596	
LAK833	o0223424	23925	5(BAN₂@c)	U+12597	
LAK834	o0223336	3028	DIŠ@c	U+12559	
LAK835a	o0223340	13428	NIGIDAMIN@c	U+1255A	
LAK835b	o0000481	13426	NIGIDAMIN	U+12456	
LAK835c	o0038371	13427	NIGIDAMIN~a	U+F004A	
LAK836a	o0223339	13422	NIGIDAEŠ@c	U+1255B	
LAK836b	o0038374	13423	NIGIDAEŠ@c~a	U+F0049	
LAK836c	o0000480	13420	NIGIDAEŠ	U+12457	
LAK836d	o0038373	13421	NIGIDAEŠ~a	U+F004B	
LAK837a	o0223415	24115	4(DIŠ@c)	U+1255C	
LAK837b	o0000040	24071	4(DIŠ)	U+12409	
LAK838	o0223385	23913	1(BAN₂@c)	U+12593	
LAK839	o0221914	1447	AŠ@c	U+12550	
LAK840	o0223334	19864	U@c	U+12562	
LAK841	o0000007	24238	1(GEŠ₂)	U+12415	
LAK842	o0000006	24348	1(GEŠU)	U+1241E	
LAK843	o0000229	6212	GUR₇	U+12126	
LAK844	o0223485	18215	ŠAR₂@c	U+12579	
LAK845	o0025674	5561	|GEŠU@c×KASKAL|	U+F002B	
LAK846	o0028114	18205	|ŠAR₂×U|	U+12136	
LAK847	o0028115	18206	|ŠAR₂×(U.U)|	U+F003D	
LAK848	o0028116	18207	|ŠAR₂×(U.U.U)|	U+F003E	
LAK849	o0028118	18212	|ŠAR₂×4(U)|	U+F003F	
LAK850	o0028119	18213	|ŠAR₂×5(U)|	U+F0040	
LAK851	o0002827	18196	ŠAR₂	U+122B9	
LAK852a	o0223358	24196	F₃@c	U+12587	
LAK852b	o0000183	24195	F₃	U+1245F	
LAK853a	o0223359	24199	F₄@c	U+12589	
LAK853b	o0000184	24198	F₄	U+12460	
LAK854a	o0223336	3028	DIŠ@c	U+12559	
LAK854b	o0000145	3012	DIŠ	U+12079	
LAK855a	o0221914	1447	AŠ@c	U+12550	
LAK855b	o0000106	1415	AŠ	U+12038	
LAK856	o0223386	24185	1(EŠE₃@c)	U+1258C	
LAK857	o0223334	19864	U@c	U+12562	
LAK858a	o0223372	24036	1(BURU@c)	U+1258E	
LAK858b	o0000562	19867	U@g	U+12434	
LAK859	o0002827	18196	ŠAR₂	U+122B9	
LAK860	o0028114	18205	|ŠAR₂×U|	U+12136	
LAK861	o0245340	18271	ŠARU@v@c	U+F0033	
LAK862	o0028115	18206	|ŠAR₂×(U.U)|	U+F003D	
LAK863	o0028116	18207	|ŠAR₂×(U.U.U)|	U+F003E	
LAK864	o0028118	18212	|ŠAR₂×4(U)|	U+F003F	
LAK865	o0028119	18213	|ŠAR₂×5(U)|	U+F0040	
LAK866	o0002827	18196	ŠAR₂	U+122B9	
LAK867	o0000422	11062	LAL	U+121F2	
LAK868			LAK entry for igi ... ŋal₂
LAK869	o0223482	13604	|NINDA₂×(ŠE.AŠ@c)|	U+12598	
LAK870	o0223483	13605	|NINDA₂×(ŠE.AŠ@c.AŠ@c)|	U+12599	
