id	sign_name	sign_reading	preferred_reading	period	provenience	language	meaning
1	A	a	1				"n. water"
2	A2	a2	1				"n. arm, strength, performance"
3	E2	'a3	1				
4	AB	ab	1				"n. sea"
5	AB2	ab2	1				"n. cow "
6	UNUG	aba4	1				
7	|ABxASZ2|	abba2	1				"n. elder"
8	|NUN.ME|	abgal	1				"n. sage"
9	|NUN.ME.PU3|	abgal2	1				
10	APIN	absin3	1				"n. furrow"
11	|KA2.GAL|	abul	1				"n. city-gate"
12	|ZU.AB|	abzu	1				"gn. Abzu, n. abyss"
13	AD	ad	1				"n. beam, father"
14	GIR2	ad2	1				"n. boxthorn"
15	|LUxBAD|	ad3	1				"n. corpse"
16	ZA@45	ad4	1				
17	KWU082	ad6	1				"(LU2xBAD); n. corpse"
18	KWU081	ad7	1				"(LU2@s); n. Corpse"
19	KWU083	ad8	1				"(LU2@sxBAD); n. corpse"
20	|UD.NUN|	adab	1				"gn. Adab"
21	|A.PA.GISAL.PAD.DIR|	addir	1				
22	GIR2@g	addu3	1				
23	AG	ag	1				"v. to do"
24	|NINDA2xNE|	ag2	1				"v. to measure"
25	MIR	aga	1				"n. crown?, axe"
26	GIN2	aga3	1				"n. axe?"
27	SZARA2	agar2	1				"n. field"
28	|IGI.DUB|	agrig	1				"n. steward, superintendent "
29	|E2.NUN|	agrun	1				"n. inner sanctuary "
30	AH	ah	1				
31	AG	ak	1				"v. to do"
32	|DAG.(KISIM5xGA)|	akan	1				"n. udder?"
33	|GAD.KID.SI|	akkil	1				
34	UH2	akszak	1				"gn. Akszak"
35	|A.KUSZU2|	akszak2	1				"gn. Akszak"
36	|A.SU|	aktum	1				"n. a garnment"
37	|SU.A|	aktum2	1				"n. a garnment"
38	|A.ZU|	aktumx	1				"n. a garnment"
39	AL	al	1				"n. hoe, vp. used immediately before stative verbs"
40	ALAM	al2	1				
41	GAN2	al3	1				
42	UMBISAG2	alal	1				"n. pipe, conduit, gutter"
43	SZID	alal2	1				
44	LAL3	alamusz	1				dn.
45	ALAM	alan	1				"n. statue"
46	ALIM	alim	1				"n. bison"
47	NAGAR	alla	1				dn.
48	AM	am	1				"n. aurochs, masc."
49	|A.AN|	am3	1				"v. copula 3rd sg."
50	|GA2xGAG|	am4	1				
51	AN	am6	1				"v. copula 3rd sg."
52	AMA	ama	1				"n. mother"
53	ARHUSZ	ama5	1				"n. mother?"
54	|LAGABxAN|	ama6	1				"n. mother"
55	|AMA.AN.MUSZ3|	amalu	1				
56	|AMA.AN.MUSZ3|	amalu	1				"n. calf, young animal "
57	AMAR	amar	1				"n. calf, young animal "
58	AMASZ	amasz	1				"n. sheepfold"
59	SUG	ambar	1				"n. swamp"
60	|AxMUSZ|	amusz	1				
61	AN	an	1				"n. sky, heaven; dn. An"
62	ANSZE	ansze	1				"n. donkey"
63	|AN.IM.DUGUD|	anzu	1				"n. thunderbird"
64	|AN.IM.MI|	anzu2	1				"n. thunderbird"
65	|IM.MI|	anzux	1				"n. thunderbird"
66	AB	ap	1				"n. window"
67	APIN	apin	1				"n. plow"
68	AG	aq	1				
69	AR	ar	1				
70	UB	ar2	1				"n. praise"
71	HAR	ar3	1				"v. to mill"
72	ARAD	arad	1				"n. servant"
73	ARAD2	arad2	1				"n. servant"
74	|LAMxKUR.RU|	aratta	1				"gn Aratta"
75	ARHUSZ	arhusz	1				"n. placenta?"
76	AZ	as	1				
77	AZ	as,	1				
78	ASZ2	as2	1				phoneme
79	ASARI	asal	1				"n. poplar?"
80	|A.TU.GAB.LISZ|	asal2	1				"n. poplar?"
81	|A.GAB.LISZ.TU|	asalx	1				"n. poplar?"
82	|A.GISZ.TU.GAB.LISZ|	asalx	1				"n. poplar?"
83	|A.TU.GAB|	asalx	1				"n. poplar?"
84	|A.TU.LISZ|	asalx	1				"n. poplar?"
85	|A.TU.NIR.GAB.LISZ|	asalx	1				"n. poplar?"
86	|A.TU.NIR.LISZ|	asalx	1				"n. poplar?"
87	|A.TU.NIR|	asalx	1				"n. poplar?"
88	|A.TU|	asalx	1				"n. poplar?"
89	|GAB.LISZ|	asalx	1				"n. poplar?"
90	|TU.NIR|	asalx	1				"n. poplar?"
91	ASARI	asar	1				dn.
92	|EZENxA|	asila3	1				
93	ASZ	asz	1				"tt. metrological unit 1"
94	ASZ2	asz2	1				"n. curse"
95	ASZ3	asz3	1				
96	ASZ4	asz4	1				
97	SZIR	asz7	1				
98	ASZGAB	aszgab	1				"n. leather worker"
99	SZIR	aszgi	1				
100	HIxDISZ	aszgi2	1				
101	|SZE.TIR|	asznan	1				"dn. Asznan"
102	AD	at	1				
103	AD	at,	1				
104	AZ	az	1				"n. bear"
105	|KU3.AN|	azag	1				"n. taboo"
106	|KU3.AN|	azag	1				"n. taboo"
107	|TUG2.UD|	azlag	1				"n. fuller"
108	TUG2	azlag2	1				"n. fuller"
109	|GISZ.TUG2.PI.KAR|	azlag5	1				
110	BA	ba	1				"n. share, portion; rations, wages; v. to give, to divide, apportion, distribute; vp, conjugational prefix; pos/dem suffix -bi plus nominative -a."
111	PA	ba2	1				
112	ESZ	ba3	1				"n. liver, liver model, omen"
113	GA2	ba4	1				
114	U2	ba6	1				
115	MASZ	ba7	1				"n. goat, interest"
116	UD	babbar	1				"adj. white, shining, silvery"
117	|UD.UD|	babbar2	1				"adj. white, shining, silvery"
118	|KA2.AN|	babila	1				"gn. Babylon"
119	|KA2.AN.RA|	babila2	1				"gn. Babylon"
120	|DIN.TIR|	babilax	1				"gn. Babylon"
121	BAD	bad	1				"v. to open"
122	BAD3	bad3	1				"n. (city) wall"
123	|DUG.SILA3.BUR|	bahar2	1				"n. potter"
124	|U.EDIN|	bahar3	1				"n. potter"
125	BAL	bal	1				
126	BAL	bala	1				"n. term, reign; v. to transfer, to cross over"
127	BALAG	balag	1				"n. harp"
128	PAN	ban	1				"n. bow"
129	BAN2	ban2	1				"n. vessel; tt. 6 or 10 sila3"
130	TUR	banda3	1				"adj. junior"
131	BANSZUR	banszur	1				"n. table"
132	|SZIMxNIG2|	bappir	1				"n. beer bread"
133	SZIM	bappir2	1				"n. beer bread"
134	|BIxNIG2|	bappir3	1				"n. beer bread"
135	BAR	bar	1				"n., (out)side, fleece; v. to open; adj. foreign"
136	BARA2	bar2	1				
137	UD	bar6	1				"adj. white, shining, silvery"
138	NE	bar7	1				"adj. burning; v. to flame, blaze"
139	BARA2	bara2	1				"n. pedestal, dais, throne"
140	DAG	bara3	1				
141	BAD3	bat3	1				
142	IGI	bat5	1				
143	BAD	be	1				
144	BI	be2	1				
145	PI	be6	1				
146	NE	be7	1				
147	BI	bi	1				"poss. suffix neutral"
148	NE	bi2	1				"verbal prefix"
149	PI	bi3	1				
150	KU	bi7	1				"n. dung, excrements"
151	NE	bil	1				"v. to burn; to roast"
152	BIL2	bil2	1				"v. to heat, to burn"
153	BIL3	bil3	1				"v. to sprout, shoot "
154	BIL4	bil4	1				
155	BIR	bir	1				"to scatter, mix"
156	UD	bir2	1				"adj. shreviled; v. to wrinkle"
157	ERIM	bir3	1				"n. yoke, team"
158	EDIN	bir4	1				
159	NAM	bir5	1				"n. locust; adj. luminosity; ; v. to shine"
160	|SZIMxNIG2|	birx	1				
161	GIR	bisz	1				
162	E2	bit	1				
163	BU	bu	1				"v. to tear out"
164	BULUG3	bu10	1				"n. a wooden object"
165	BUN2	bu13	1				
166	KASKAL	bu2	1				
167	PU3	bu3	1				
168	TUL2	bu4	1				
169	BUL	bu5	1				"to rush around (cf., bul)."
170	KU	bu7	1				
171	SUG	bugin	1				"n. bucket, trough"
172	BUL	bul	1				
173	ZAR	bul5	1				"n. a kind of fish"
174	BULUG	bulug	1				"n. chisel, needle, latch"
175	BULUG3	bulug3	1				"n. pupil, novice, foster child "
176	NAGAR	bulug4	1				"n. chisel, needle, latch"
177	|SZIMxNIG2|	bulugx	1				"n. brewer"
178	BALAG	bum2	1				
179	BUN	bun	1				
180	BUN2	bun2	1				
181	BUR	bur	1				"n. stone bowl"
182	BUR2	bur2	1				"v. to dissolve, resolve"
183	U	bur3	1				"tt. 18 iku; n. hole, depth; v. to pierce"
184	|UD.KIB.NUN|	buranun	1				"gn. Euphrates river"
185	|UD.NUN.KIB|	buranunx	1				"gn. Euphrates river"
186	BURU14	buru14	1				"n. harvest"
187	|SZIR.BUR|	buru4	1				"n. swarming birds or insects"
188	BURU5	buru5	1				"n. sparrow"
189	TUL2	burx	1				
190	DA	da	1				"n. arm, side; postposition commitative"
191	GAG	da3	1				
192	URUDU	da5	1				"vi. commitative"
193	TAG	da6	1				
194	DIB	dab	1				
195	KU	dab5	1				"v. to grasp, tt. to assume administrative control"
196	URUDU	dab6	1				"vi. commitative neutral"
197	|SZE3.SZE|	dabin	1				"n. flour"
198	|LAGABx(BAD&BAD)|	dabx	1				
199	|LAGABxGU4|	dabx	1				
200	U8	dabx	1				
201	|UD.UD|	dadag	1				"adj. shining"
202	DAG	dag	1				"n. resting-place, dwelling; v. to roam about"
203	UD	dag2	1				"adj. shining"
204	KIB	dag3	1				
205	AMA	dagal	1				"n. width, breadth; v. to widen, enlarge; adj. wide, broad"
206	KWU844	dagx	1				"n. resting-place, dwelling; v. to roam about"
207	DAH	dah	1				"v. to add"
208	RI	dal	1				"v., to fly"
209	|IGI.GAG|	dala2	1				"n. spear; arrow head"
210	IDIGNA	dalla	1				"n. beam, ray; v. to be or make bright, to shine"
211	DAM	dam	1				"spouse (husband or wife)"
212	KAL	dan	1				
213	|GA2xKID2|	dan3	1				
214	|USZxKID2|	dan6	1				"v. to clean"
215	|KASKAL.BU|	danna	1				"n. road; tt. 1800 ninda"
216	DAR	dar	1				"n., black francolin?; v. to split"
217	IB	dara2	1				"n. string of fish; girdle"
218	DAR3	dara3	1				"n. ibex"
219	DARA4	dara4	1				"adj. red"
220	DI	de	1				
221	DE2	de2	1				"v. to pour"
222	NE	de3	1				"n. torch, ashes"
223	TE	de4	1				
224	RI	de5	1				
225	DU	de6	1				"v. (hamtu) to transport"
226	TI	de9	1				
227	BAD	dehi	1				
228	DI	di	1				"n. lawsuit, case; judgment, decision, verdict; v. to judge, decide, maru, non-finite of du11 to speak"
229	HI	di2	1				
230	TI	di3	1				
231	TUR	di4	1				
232	DIB	dib	1				"v. to cross by"
233	|LAGABx(DISZ+(BAD&BAD))|	dibx	1				"v. to cross by"
234	|U2.SA|	dida	1				"n. a type of beer, beer ingredient"
235	|USZ.SA|	dida2	1				"n. a type of beer, beer ingredient"
236	|ASZ.ASZ|	didli	1				"adj. assorted, various; separate, individual, single"
237	UM	dih2	1				
238	NIM	dih3	1				"n. camel thorn"
239	ASZ	dil	1				"adj. single"
240	ASZ	dili	1				
241	LISZ	dili2	1				"n. spoon"
242	DILMUN	dilmun	1				"gn. Dilmun"
243	DIM	dim	1				"n. a vessel?"
244	GIM	dim2	1				"v. to build, to create"
245	DIM3	dim3	1				
246	BULUG3	dim4	1				
247	DIN	din	1				"n. grape"
248	AN	dingir	1				"n. deity"
249	DIR	dir	1				
250	DIR	diri	1				"n. excess, surplus; v. to go beyond, tt. surplus"
251	DISZ	disz	1				"n. one"
252	DU	du	1				"v. to go (maru)"
253	HI	du10	1				"adj. sweet; v. to be sweet"
254	KA	du11	1				"v. to speak (hamtu)"
255	TUK	du12	1				"v. to sing"
256	TU	du2	1				"v. to give birth"
257	GAG	du3	1				"v. to construct"
258	|GIN2@n|	du5	1				
259	DU6	du6	1				"v. to cover"
260	UL	du7	1				"to be complete, to be fitting, to butt"
261	GAB	du8	1				"v. release"
262	DUB	dub	1				"n. (clay) tablet, document; v. to heap up"
263	DUB2	dub2	1				"v. to tremble"
264	HI	dub3	1				
265	DUG	dug	1				"n. pot, tt. liquid capacity vessel"
266	DUGUD	dugud	1				"n. weight, cloud; adj. heavy"
267	GAB	duh	1				"n. bran, dregs"
268	DUL	dul	1				"n. tell"
269	DUL3	dul3	1				
270	DUN4	dul4	1				
271	TUG5	dul5	1				
272	UR@s	dul9	1				
273	UR	dulx	1				
274	TUM	dum	1				
275	TUR	dumu	1				"n. child"
276	SZUL	dun	1				"adj. branded ?, sunordinate ?"
277	DUN4	dun4	1				
278	DUR	dur	1				"n. rope"
279	SZEN	dur10	1				"n. a type of axe"
280	KU	dur2	1				"v. to sit; n. seat"
281	|ANSZE.ARAD|	dur3	1				"n. donkey stallion"
282	SZUL	dur9	1				"n. donkey stallion"
283	A	duru5	1				"adj. wet, moist"
284	|KU.KU|	durunx	1				"v. to sit"
285	U3	durux	1				"n. bridge"
286	IL2	dusu	1				"n. standardized work basket"
287	|ANSZE.LIBIR|	dusu2	1				"n. type of donkey"
288	GIN2	dux	1				
289	KWU858	dux	1				"n. a container"
290	E	e	1				"n. dike"
291	|DU6.DU|	e11	1				"v. to go down, out"
292	E2	e2	1				"n. house(hold)"
293	|UD.DU|	e3	1				"v. to go up, out"
294	IB	eb	1				"n. (temple) oval"
295	TUM	eb2	1				"n. gurtle, belt"
296	|EN.TI|	ebih	1				"gn. Ebih"
297	|SZE3.MAH|	ebih2	1				"gn. Ebih?; n.  heavy rope"
298	A2	ed	1				
299	EDIN	edin	1				"n. steppe"
300	SZE3	egi	1				
301	|MUNUS.SZE3|	egi2	1				
302	EGIR	egir	1				"adj. after, back, behind"
303	SZE3	egir2	1				
304	EGI2	egir3	1				
305	MURGU	egir5	1				"adj. after, back, behind"
306	SIG4	egir6	1				"adj. after, back, behind"
307	KWU733	egirx	1				"adj. after, back, behind"
308	AH	eh	1				"n. louse"
309	EL	el	1				
310	|ILxKAR2|	el4	1				
311	NIM	elam	1				"gn. Elam"
312	BIR	ellag2	1				"n. kidneys"
313	IM	em	1				
314	EME	eme	1				"n. tongue, speech, plow's share"
315	|MUNUS.ANSZE|	eme3	1				"n. female donkey"
316	AMA	eme4	1				
317	|MUNUS.HUB2|	eme5	1				"n. female donkey"
318	|ANSZE.MUNUS|	eme6	1				"n. female donkey"
319	|UD.MUNUS.HUB2|	emerah	1				"n. female donkey"
320	EN	en	1				"n. lord"
321	EN2	en2	1				"n. incantation"
322	LI	en3	1				
323	IN	en6	1				
324	SZA	en8	1				"abbreviation of en3"
325	APIN	engar	1				"n. cultivator"
326	|EN.ME.GI|	engiz	1				"n. a type of cook?"
327	|EN.GI|	engizx	1				"n. a type of cook?"
328	ENGUR	engur	1				"n. freshwater"
329	|ZAG.HA|	enku	1				
330	|EN.ME.LI|	ensi	1				"n. deviner, dream interpreter"
331	|PA.TE.SI|	ensi2	1				"n. governor"
332	|(ENxME).LI|	ensi3	1				"n. deviner, dream interpreter"
333	IB	ep	1				
334	SIG	epig	1				"n. vessel for water for animals"
335	DUG	epir	1				
336	BI	epir2	1				
337	IG	eq	1				
338	IR	er	1				
339	ARAD2	er11	1				"n. servant"
340	|A.IGI|	er2	1				"n. tears"
341	ARAD	er3	1				"n. servant"
342	GIR3	er9	1				
343	UNUG	eri11	1				
344	NUN	eridu	1				"gn. Eridu"
345	|NE.RU|	erim2	1				"n. oath"
346	ERIM4	erim4	1				
347	EREN	erin	1				"n. cedar"
348	ERIM	erin2	1				"n. troop of workmen or soldiers"
349	KWU896	erinx	1				
350	NIN	erisz	1				"n. emesal lady"
351	NAGA	erisz2	1				gn.
352	GISZ	es	1				
353	ESZ	es2	1				
354	ISZ	es2	1				
355	AB	es3	1				
356	KAL	esi	1				"n. ebony"
357	|LAGAB.KUL|	esir	1				
358	ESIR2	esir2	1				"n. bitumen"
359	ESZ	esz	1				"adj. three; v. pl. marker"
360	|GE23(ASZ@t)|	esz18	1				
361	SZE3	esz2	1				"n. rope; tt. metrological unit (length) 10 ninda"
362	AB	esz3	1				"n. shrine, temple"
363	DISZ	esz4	1				
364	ESZ5	esz5	1				
365	KASKAL	esz8	1				
366	|A.TIR|	esza	1				"n. type of grain"
367	ESZ5	esza5	1				
368	BAD	esze3	1				"tt. area measurement = 6 iku"
369	GU4	esztub	1				"n. type of fish"
370	GISZ	ez	1				
371	EZEN	ezem	1				"n. festival"
372	GA	ga	1				"n. milk; vp. cohortative"
373	GA2	ga2	1				"n. box, basket"
374	GAN3	ga3	1				
375	IL2	ga6	1				"v. to transport"
376	GAB	gab	1				"n. breast, chest, side"
377	KAB	gab2	1				
378	NAG	gab3	1				"v. to check"
379	GAB	gaba	1				"n. breast, chest, side"
380	|PA.DAG.(KISIM5xGAG)|	gabar	1				
381	GAD	gada	1				"n. flax, linen"
382	GAG	gag	1				"n. nail"
383	GAL	gal	1				"adj. large"
384	IG	gal2	1				"v. to be present"
385	MUNUS	gal4	1				"n. vulva"
386	TE	gal5	1				
387	|USZ.KU|	gala	1				"n. singer, castratus"
388	GALAM	galam	1				"adj. clever"
389	GAM	gam	1				"v. to bend, kneel"
390	KAM	gam2	1				
391	GAM3	gam3	1				"n. sickle, handle"
392	|DIN.TIR|	gamun	1				"n. a kind of bird, a kind of herb (cumin)"
393	TIR	gamun2	1				"n. a kind of bird, a kind of herb (cumin)"
394	GAN	gan	1				
395	GAN2	gan2	1				"n. field, area; tt. irrigated lnd"
396	|KI.LAM|	ganba	1				"n. marketplace, value"
397	GANUN	ganun	1				"n. storehouse"
398	NIG2	gar	1				"v. to put, place, set (hamtu)"
399	GAR3	gar3	1				
400	GU4	gar4	1				
401	GUG2	gar5	1				
402	SIG4	gar8	1				
403	GAR2	gara2	1				"n. cream"
404	ZUM2	garig2	1				"n. cream"
405	|ZUM.SI|	garigx	1				"n. cream"
406	|PA.AN|	garza	1				
407	|NUN.ME.TAG|	gaszam	1				"n. artisan"
408	|ME.NUN.TAG|	gaszamx	1				"n. artisan"
409	GAZ	gaz	1				"v. to grind"
410	|GA2xASZ2|	gazi	1				"n. a spice, condiment, sumac?"
411	KUM	gazx	1				
412	GI	ge	1				
413	KID	ge2	1				
414	GA2	ge26	1				
415	GI4	ge4	1				
416	KI	ge5	1				"n. earth, place, area, location"
417	MI	ge6	1				"n. night, darkness"
418	NE	ge9	1				
419	GEME2	geme2	1				"n. slave woman"
420	DU	gen	1				"v. to go (hamtu)"
421	KUR	gen3	1				
422	GISZ	gesz	1				"n. wood"
423	DISZ	gesz2	1				"n. sixty"
424	USZ	gesz3	1				"n. penis"
425	|SZU.BULUG3|	geszba2	1				
426	|KI.BI.NIG2|	geszbun	1				
427	|KI.BI|	geszbun2	1				
428	GISZGAL	geszgal	1				" n. pedestal"
429	SA6	geszimmar	1				"n. date palm"
430	|IGI.DUB|	geszkim	1				"n. sign"
431	GESZTIN	gesztin	1				"n. grapevine"
432	PI	gesztu	1				"n. ear, intelligence"
433	|GISZ.TUG2.PI|	gesztu2	1				
434	|GISZ.PI.TUG2|	gesztu3	1				
435	|USZxKUR|	geszx	1				
436	GI	gi	1				"n. reed; tt. length measure = 6 cubits = 3 meters"
437	GIM	gi18	1				
438	GI4	gi4	1				"v. to return"
439	KI	gi5	1				"v. to return"
440	SZE3	gi7	1				"adj. domestic"
441	IGI	gi8	1				
442	BIL2	gibil	1				"adj. new"
443	GIBIL2	gibil2	1				"n. firewood?; v. to burn"
444	NE	gibil4	1				
445	|NE.GI|	gibil6	1				dn.
446	BU	gid2	1				"adj. long; v. to pull, measure (lengths)"
447	GIDIM	gidim	1				"n. ghost"
448	PA	gidri	1				"n. scepter"
449	GIG	gig	1				"n. wheat"
450	GIGIR	gigir	1				"n. wheel, chariot"
451	TUL2	gigir2	1				"n. wheel, chariot"
452	GIL	gil	1				
453	|BIL4.GA.MES|	gilgames3	1				"dn. Gilgamesh"
454	|BIL2.GA.MES|	gilgamesx	1				"dn. Gilgamesh"
455	|BIL3.GA.MES|	gilgamesx	1				"dn. Gilgamesh"
456	GIN2	gin2	1				"n. shekel; tt. weight measure ca. 8.5 g."
457	KUR	gin3	1				
458	GIM	gin7	1				"v. suffix equative"
459	GIR	gir	1				"n. a type of fish"
460	EZEN@g	gir11	1				"v. to yoke"
461	SZID	gir13	1				
462	|GIR3xKAR2|	gir16	1				"n. beer vessel"
463	GIR2	gir2	1				"n. knife"
464	GIR3	gir3	1				
465	GIR4	gir4	1				"n. oven"
466	KASZ4	gir5	1				"v. to dissapear, to dive"
467	KA	giri17	1				"n. nose"
468	GIR3	giri3	1				"n. foot"
469	KASZ4	girim2	1				
470	|A.HA.TAR.DU|	girim3	1				
471	|A.BU.HA.DU|	girimx	1				
472	GISZ	gis	1				
473	|GISZ.MI|	gissu	1				"n. shadow, shade"
474	GU	gu	1				"n. string, yarn, flax, hemp"
475	GU2	gu2	1				"n. neck; tt. weight meassure talent"
476	KA	gu3	1				"n. voice"
477	GU4	gu4	1				"n. bull, ox"
478	KU	gu5	1				
479	GU7	gu7	1				"v. to eat, use"
480	DU	gub	1				"v. to stand, to set, erect, install"
481	LI	gub2	1				
482	KAB	gub3	1				"n. left (hand)"
483	|EZENxLA|	gubalag	1				dn.
484	|AH.ME|	gudu4	1				"n. type of priest"
485	GUG	gug	1				"n. carnelian"
486	GUG2	gug2	1				"n. a type of baked goods"
487	|ZI&ZI.LAGAB|	gug4	1				"n. type of grass"
488	|LU.HUL2|	gukkal	1				"n. fat-tailed sheep"
489	GUL	gul	1				"v. to destroy, demolish"
490	KUM	gum	1				
491	LUM	gum2	1				
492	NE	gum3	1				"n. fire"
493	DAR	gun3	1				"adj. speckled, colorful"
494	UNUG	gun4	1				
495	GUR	gur	1				"v. to return; tt. dry capacity measurement"
496	KIN	gur10	1				"v. to harvest"
497	GA	gur11	1				"n. goods"
498	GAM	gur2	1				"n. sphere; circle, ring;  v. to bow down, submit; to die"
499	IL2	gur3	1				"v. to transport"
500	LAGAB	gur4	1				"adj. fat"
501	|URUxGU|	gur5	1				"v. to split"
502	GUR8	gur8	1				"n. load"
503	|GA2xGI|	gurdub	1				"n. reed basket"
504	|GA2xGI4|	gurdub2	1				"n. reed basket"
505	GUR7	guru7	1				"n. a siloh, a granary"
506	GAM	gurum	1				
507	|IGI.NIG2|	gurum2	1				inspection.
508	|IGI.ERIM|	gurumx	1				inspection.
509	GURUN	gurun	1				
510	DUG	gurun7	1				
511	KAL	gurusz	1				"n. male laborer"
512	|SZE.KIN|	gurx	1				"v. to harvest"
513	|SZE.SZE.KIN|	gurx	1				
514	LUM	guz	1				
515	|KU.NIG2|	guzza	1				"n. throne, chair"
516	HA	ha	1				"vp. precative (maru) and affirmative (hamtu)"
517	GIR	ha6	1				
518	LAGAB	hab	1				"v. to stink"
519	TUL2	hab2	1				"v. to stink"
520	PA	had	1				
521	UD	had2	1				"adj. dry; v. to dry"
522	HAL	hal	1				"v. to divide"
523	HAR	har	1				"n. bracelet"
524	|DAG.(KISIM5xBI)|	hara4	1				
525	|DAG.(KISIM5xIR)|	harax	1				
526	KASKAL	harran	1				
527	TAR	hasz	1				
528	HASZHUR	haszhur	1				"n. apple?"
529	PA	hat,	1				
530	HI	he	1				
531	GAN	he2	1				"vp. precative (maru) and affirmative (hamtu)"
532	PA	hendur	1				dn.
533	HI	hi	1				"v. to mix"
534	EZEN@g	hir	1				
535	KWU318	hirinx	1				
536	SIG7	hirinx	1				
537	HU	hu	1				"vp. precative (maru) and affirmative (hamtu)"
538	HUB2	hub2	1				
539	BI	huburx	1				
540	HUL	hul	1				"adj. destroyed; v. to destroy"
541	HUL2	hul2	1				"n., joy; v. to be happy, to rejoice over; adj., joyous."
542	KIB	hul3	1				
543	LUM	hum	1				
544	SZE3	hun	1				"v. to hire, to install"
545	HAR	hur	1				"n. hole"
546	HUSZ	husz	1				"adj. reddish, furious"
547	RI	hux	1				"vp. precative (maru) and affirmative (hamtu)"
548	I	i	1				"n. cry of pain"
549	IA2	i2	1				"n. cry of pain"
550	NI	i3	1				"n. oil"
551	KA	i5	1				"n. word"
552	|A.ENGUR|	i7	1				"n. waterway"
553	IA	ia	1				
554	IA2	ia2	1				
555	NI	ia3	1				
556	IB	ib	1				"n. corner, angle"
557	TUM	ib2	1				"n. waist, belt"
558	|TUR.USZ|	ibila	1				"n. son, heir, successor"
559	A2	id	1				
560	|A.ENGUR|	id2	1				
561	|A.ENGUR|	id2	1				
562	IDIGNA	idigna	1				"gn. Tigris"
563	BAD	idim	1				"n. spring, underground water;  adj., wild, raging, mad"
564	IG	ig	1				"n. door, entrance"
565	IGI	igi	1				"n. eye, face, front; tt. reciprocal number"
566	AH	ih	1				
567	IG	ik	1				
568	IL	il	1				
569	IL2	il2	1				"v. to carry, to lift"
570	AN	il3	1				
571	|AL.SZE|	il6	1				
572	|ILxKAR2|	il8	1				
573	RU	ilar	1				"n. throwing stick"
574	|A.AM|	ildag2	1				"n. a variety of poplar"
575	|GESZTINxKUR|	ildag4	1				"n. grapevine?"
576	|IGI.SZE3.DU.ERIM|	ildu	1				
577	|IGI.NAGAR.BU|	ildu2	1				
578	|NAGAR.BU|	ildu3	1				
579	BU	ildux	1				
580	NAGAR	ildux	1				
581	ILLAT	illat	1				"n. campaign"
582	|A.KAL|	illu	1				"n. high water, flood"
583	KAR2	ilx	1				
584	IM	im	1				"n. clay, tablet, wind?"
585	|ASZ2.A.AN|	imgaga	1				"n. spelt?"
586	|ASZ2.AN|	imgaga3	1				"n. spelt?"
587	IMIN	imin	1				"adj. seven"
588	|KAxUD|	imma	1				
589	SIG7	imma3	1				
590	TUR3	immalx	1				
591	|KA.UD|	immax	1				
592	IN	in	1				
593	MUSZ3	inanna	1				"dn. Inanna"
594	|NINDA2xGU4|	indagra	1				
595	KA	inim	1				"n. word, command, order, decree, oath"
596	IB	ip	1				
597	TUM	ip2	1				
598	IG	iq	1				
599	IR	ir	1				"n. perfume"
600	ARAD	ir3	1				"n. servant"
601	KASKAL	ir7	1				"n. pigeon"
602	URU	iri	1				"n. city"
603	GISZ	is	1				
604	GISZ	is,	1				
605	ISZ	is'	1				
606	ISZ	is2	1				
607	IN	isin2	1				"gn. Isin"
608	ISZ	isz	1				
609	LAM	isz12	1				
610	ME	iszib	1				"n. (incantation?) priest"
611	IM	iszkur	1				"dn. Iszkur"
612	|KA.DI|	isztaran	1				"dn. Isztaran"
613	A2	it	1				
614	A2	it,	1				
615	ITI	iti	1				"n. month"
616	A	ix	1				"n. waterway"
617	|A.SUG|	ix	1				"n. waterway"
618	|ENGUR.A|	ix	1				"n. waterway"
619	GISZ	iz	1				
620	NE	izi	1				"n. fire"
621	KA	ka	1				"n. mouth"
622	KA2	ka2	1				"n. gate"
623	GA	ka3	1				
624	LUL	ka5	1				"v. to lie?"
625	SZID	ka9	1				"v. to calculate"
626	KAB	kab	1				
627	NAG	kab2	1				
628	KAD2	kad2	1				
629	KAD3	kad3	1				
630	KAD4	kad4	1				
631	KAD5	kad5	1				
632	|NIG2.SZA3.A|	kadra	1				"n. gift"
633	|NIG2.SZA3|	kadra2	1				"n. gift"
634	GAG	kak	1				"n. nail"
635	KAL	kal	1				"adj. strength, precious"
636	GAL2	kal2	1				
637	UN	kalam	1				"n. (native) land; gn. Sumer"
638	KAM	kam	1				
639	KAR	kar	1				"n. embankment, harbor, marketplace?; v. to steal, to escape, to run away"
640	KAR2	kar2	1				"v. to be bright"
641	KAD4	kara4	1				
642	|(TIR.GAD.NIG2)@(TIR.GAD.NIG2)|	karadin	1				
643	|(PA.NIG2)@(PA.NIG2)|	karadin3	1				"n. haystack"
644	|(U.PA.NIG2)@(U.PA.NIG2)|	karadin5	1				"n. haystack"
645	IM	karkar	1				gn.
646	GAN2	karx	1				
647	TE	karx	1				
648	KASKAL	kas	1				"n. beer?"
649	BI	kas2	1				"n. beer?"
650	GAZ	kas3	1				
651	KASZ4	kas4	1				
652	KASKAL	kaskal	1				"n. road, expedition, caravan, journey"
653	BI	kasz	1				"n. beer"
654	KASKAL	kasz2	1				"n. beer"
655	KASZ4	kasz4	1				"v. to run"
656	DU	kasz5	1				"v. to run?"
657	|E2xSZE|	kax	1				
658	|KAxSAR|	kax	1				"n. hand"
659	AG	ke3	1				
660	KID	ke4	1				
661	EZEN@g	kesz2	1				"v. to bind, to tie"
662	KESZ3	kesz3	1				"gn. Kesh?"
663	KI	ki	1				"n. earth, place, area, location"
664	KID	kid	1				"n. reed mat"
665	KID2	kid2	1				"v. to be confused"
666	|IMxKID2|	kid7	1				"v. to cut off, pinch off"
667	HAR	kikken	1				"v. to mill"
668	|HAR.HAR|	kikken2	1				"v. to mill"
669	LAGAB	kil	1				
670	LAGAB	kilib	1				"n. total"
671	NIGIN	kilib3	1				"n. total"
672	PESZ2	kilim	1				"n. total"
673	KIN	kin	1				"v. to work, to seek; n. work"
674	HAR	kin2	1				"v. to mill"
675	KINDA	kinda	1				
676	URI	kinda2	1				
677	GIR	kir	1				
678	|MUNUS.SILA4|	kir11	1				"n. a female lamb"
679	SAR	kiri6	1				"n. garden"
680	KISAL	kisal	1				"n. courtyard"
681	|EZENxSIG7|	kisig2	1				
682	|KI.UD|	kislah	1				"n. threshing floor"
683	KISZ	kisz	1				"gn. Kish"
684	GIR2@g	kiszi17	1				"n. weed"
685	SZEG9	kiszi6	1				"n. ant"
686	MES	kiszib	1				
687	DUB	kiszib3	1				"n. seal; tt. sealed tablet"
688	KID	kit	1				
689	KU	ku	1				
690	KU3	ku3	1				"n. silver"
691	TU	ku4	1				"v. to enter"
692	TAR	ku5	1				"v. to cut"
693	HA	ku6	1				"n. fish"
694	GU	ku8	1				
695	|HA.A|	kuara	1				"gn. Kuara"
696	|A.HA|	kuara2	1				"gn. Kuara"
697	|MI.MI|	kukku2	1				"adj. dark"
698	NUMUN	kul	1				"n. heavy"
699	GUL	kul2	1				
700	KUM	kum	1				
701	NE	kum2	1				"n. heat, fever; v. to heat; adj. hot"
702	KUN	kun	1				"n. tail"
703	PA	kun2	1				
704	KUM	kun3	1				
705	|TUR.SZE3|	kun5	1				"n. ladder"
706	|SZU2.MUL|	kunga	1				"n. an equid"
707	|BAR.AN|	kunga2	1				"n. an equid"
708	KID	kup4	1				
709	KUR	kur	1				"n. foreign land, mountain"
710	PAP	kur2	1				"v. to be foreign; tt. check mark"
711	PAD	kur6	1				"n. ration"
712	DIN	kurun2	1				
713	DUG	kurun3	1				
714	KU7	kuruszda	1				"n. fattener"
715	KWU822	kuruszdax	1				
716	SU	kusz	1				"n. skin, leather"
717	DUL3	kusz2	1				"v. to be tired"
718	U2	kusz3	1				"tt. length measure, cubit"
719	DU	kux	1				"v. to transport"
720	KWU147	kux	1				
721	KWU636	kux	1				
722	LIL	kux	1				
723	LA	la	1				
724	LAL	la2	1				"v. to hang, to tie; tt. minus"
725	SZID	lag	1				"n. clod"
726	LAGAB	lagab	1				"n. block, slab (of stone), trunk (of tree) "
727	LAGAR	lagar	1				"n. temple official"
728	|SZIR.BUR.LA|	lagasz	1				"gn. Lagash"
729	UD	lah	1				
730	LUH	lah3	1				
731	LAH4	lah4	1				"v. to drive"
732	|DU.DU|	lah5	1				"v. to drive"
733	DU	lah6	1				"v. to drive"
734	LAHTAN	lahtan	1				"n. a type of pot"
735	LAHTAN2	lahtan2	1				"n. a type of pot"
736	|NUNUZ.(KISIM5xNE)|	lahtan4	1				
737	SZID	lak	1				"n. clod"
738	LAL2	lal2	1				
739	LAL3	lal3	1				"n. syrup, honey"
740	LAM	lam	1				"n. abundance, luxuriance, almond tree"
741	NE	lam2	1				
742	KAL	lamma	1				"dn. protective genie"
743	|UD.UNUG|	larsa	1				"gn. Larsa"
744	LI	le	1				
745	NI	le2	1				
746	NE	lem4	1				
747	LI	li	1				"n. juniper?"
748	NI	li2	1				
749	NE	li9	1				"to glisten, shine."
750	U3	libir	1				"adj. old, previous"
751	UR	lik	1				
752	LIL	lil	1				"n. fool"
753	KID	lil2	1				"n. wind, breath, spirit"
754	IGI	lim	1				"adj. thousand (akk.)"
755	NIG2	limmu	1				
756	LIMMU2	limmu2	1				"adj. four"
757	ZA	limmu5	1				
758	LIBISZ	lipisz	1				
759	|SZU.KAL|	liru	1				"n. strength"
760	KIB	liru3	1				"n. strength"
761	|A.KAL|	liru4	1				
762	LISZ	lisz	1				
763	LU	lu	1				"n. many, much; v. to be abundant"
764	LU2	lu2	1				"n. grown man, male, human being"
765	GUG2	lu3	1				"v. to disturb, agitate, trouble"
766	LUL	lu5	1				"v. to lie?"
767	PA	lug2	1				
768	LUGAL	lugal	1				"n. king, owner"
769	LAGAB	lugud2	1				"adj. short"
770	LUL	lugx	1				"v. to be numerous"
771	LUH	luh	1				"v. to clean, to sweep"
772	|MUNUS.ME|	lukur	1				"n. female consort"
773	LUL	lul	1				"v. to lie?"
774	|GIR3x(LU.IGI)|	lulim	1				"n. stag, hart (male of the red deer?)"
775	LUM	lum	1				
776	KWU354	lumx	1				
777	SZIM	lunga	1				"n. brewer"
778	|SZIMxA|	lunga2	1				"n. brewer"
779	|SZIMxNIG2|	lunga3	1				"n. brewer"
780	|BI.DAR|	lungax	1				
781	MA	ma	1				
782	MA2	ma2	1				"n. boat, barge"
783	BU	madrax	1				"n. mourning garment, dirty garment"
784	MAH	mah	1				"v., to be or make large; adj., high, exalted, great, lofty"
785	AL	mah2	1				"adj. full grown"
786	GA2	mal	1				
787	TUR3	malx	1				"in tum-malx{ki}"
788	MAN	man	1				
789	SU6	mangaga	1				"n. palm fiber, bast"
790	MAR	mar	1				"n. spade"
791	AMAR	mar2	1				
792	|AMAR.DA|	marad2	1				"gn. Marad?"
793	|AMAR.UD|	marduk	1				
794	MASZ	mas	1				
795	MASZ	masz	1				"n. goat, interest"
796	MASZ2	masz2	1				"n. male goat"
797	MASZKIM	maszkim	1				"n. enforcer"
798	KUR	mat	1				
799	ME	me	1				"n. Dasein"
800	MI	me2	1				"n. Dasein"
801	ME3	me3	1				"n. battle"
802	|GA2xKASKAL|	me7	1				
803	MEN	men	1				"n. crown"
804	MIR	mer	1				"n. north wind; adj. angry"
805	MES	mes	1				"n. young man"
806	DUB	mes2	1				
807	MI	mi	1				" (cf., gig{2})."
808	MUNUS	mi2	1				"adj. female"
809	BAD	mid	1				
810	MIN	min	1				"adj. two"
811	MAN	min3	1				"adj. two"
812	MIR	mir	1				
813	|KU.AN|	mitum	1				"n. cultic weapon"
814	MU	mu	1				"n. name, year, line on a tablet, entry, oath; vp. conj. active participant"
815	MUNUS	mu10	1				
816	|KAxSZA|	mu13	1				
817	SAR	mu2	1				"v. to grow, o kindle"
818	TUG2	mu4	1				"v. to clothe"
819	PA	mu6	1				
820	TU6	mu7	1				
821	MUD	mud	1				"v. to bear"
822	MUD3	mud3	1				
823	SZIM	mud5	1				
824	|MU.BU|	mudra	1				"n. mourning garment, dirty garment"
825	|SIK2.BU|	mudra5	1				"n. mourning garment, dirty garment"
826	MUG	mug	1				
827	|SAGxGAG|	muh2	1				
828	MU	muhaldim	1				"n. cook"
829	MUL	mul	1				"n. star, constellation, planet; v. to (let) sparkle"
830	MUN	mun	1				"n. salt"
831	SZESZ	mun4	1				
832	|SIG2.SUHUR|	munsub	1				
833	|GA2xMUN|	munu3	1				
834	MUNU4	munu4	1				"n. malt"
835	MUNUS	munus	1				"n. woman"
836	HAR	mur	1				"v. to incise"
837	SIG4	mur7	1				"n. shoulder"
838	SIG4	murgu	1				"n. back(side), shoulder"
839	LUM	murgu2	1				"n. date-palm string"
840	UD@g	muru13	1				
841	MURU2	muru2	1				
842	|MUNUS.LA|	murub	1				
843	|MUNUS.LAGAR|	murub2	1				
844	|KID.SZU2.MA2|	murux	1				"n. mat for a boat"
845	MUSZ	musz	1				"n. snake"
846	MUSZ2	musz2	1				
847	MUSZ3	musz3	1				"n. surface, aspect"
848	HU	muszen	1				"n. bird"
849	RI	muszenx	1				"vp. precative (maru) and affirmative (hamtu)"
850	ASZ	n(asz)	1				
851	|ASZ@c|	n(asz@c)	1				
852	BAN2	n(ban2)	1				
853	BARIG	n(barig)	1				
854	BUR3	n(bur3)	1				
855	DISZ	n(disz)	1				
856	ESZE3	n(esze3)	1				
857	GESZ2	n(gesz2)	1				
858	|ASZ@c|	n(gesz2@c)	1				
859	IKU	n(iku)	1				
860	U	n(u)	1				
861	|ASZ@c|	n(u@c)	1				
862	NA	na	1				"vp. emphatic (hamtu) prohibitive (maru)"
863	NA2	na2	1				"n. bed"
864	NA4	na4	1				"n. stone"
865	NAG	na8	1				"v. to drink (maru)"
866	NAB	nab	1				
867	|AN.AN|	nab3	1				
868	NAG	nag	1				"v. to drink (hamtu)"
869	KUM	nag4	1				"v. to drink (hamtu)"
870	NAGA	naga	1				"n. soda, alkali, potash (used as soap), an alkaline plant"
871	GAZ	naga3	1				"n. mortar"
872	KUM	naga4	1				"n. mortar"
873	NAGAR	nagar	1				"n. adze, wood-chisel, carpenter"
874	|AN.NA|	nagga	1				"n. tin"
875	NAM	nam	1				"n. destiny; abstract marker"
876	NAM2	nam2	1				"n. ruler(?)"
877	ENGUR	namma	1				"dn. Nammu"
878	|LAL2.LAGAB|	nanga	1				
879	|LAL.LAGAB|	nanga2	1				
880	|AN.NAGA|	nanibgal	1				
881	|AN.SZE3.NAGA|	nanibgal2	1				
882	|SZESZ.KI|	nanna	1				"dn. Nanna"
883	NINA	nansze	1				"dn. Nanshe"
884	LUL	nar	1				"n. singer"
885	NE	ne	1				
886	NI	ne2	1				
887	GIR3	ne3	1				"n. force, power, vigor"
888	PI	neda	1				"n. force, power, vigor"
889	|PIRIG.TUR|	nemurx	1				"n. large feline"
890	NIR	ner	1				"n. prince, lord"
891	|ZA.NIM|	ner3	1				"n. a type of stone"
892	MUSZ	nerah	1				"dn. a mythological being (snake, dragon?)"
893	MURU2	nesag	1				"n. first fruit; kind of tax"
894	SZID	nesag2	1				"n. first fruit; kind of tax"
895	MAN	nesz	1				
896	NI	ni	1				
897	IM	ni2	1				"n. self, body, fear, respect"
898	|EN.KID|	nibru	1				"gn. Nippur"
899	NUNUZ	nida	1				
900	|PAD.AN.MUSZ3|	nidba	1				"n. cultic ration"
901	|PAD.MUSZ3|	nidba2	1				"n. cultic ration"
902	NIG	nig	1				"n. bitch, lioness"
903	NIG2	nig2	1				"n. thing"
904	SZE	niga	1				"adj. fattened"
905	NIGIN3	nigar	1				"gn. Nigar"
906	NIGIN	nigin	1				"n. grand total; v. to circle"
907	LAGAB	nigin2	1				"n. total"
908	NIGIN3	nigin3	1				
909	NIGIN4	nigin4	1				
910	|LAL2.SAR|	nigin8	1				
911	|LAL.SAR|	nigin9	1				
912	NIM	nim	1				"adj. high"
913	MIR	nimgir	1				"n. herald"
914	NIMIN	nimin	1				
915	NIN	nin	1				"n. lady, queen"
916	|MUNUS.SIG2|	nin10	1				
917	NIN9	nin9	1				"n. sister"
918	NINA	nina	1				"gn. Nina/Nigin"
919	NIG2	ninda	1				"n. bread, grain ration"
920	NINDA2	ninda2	1				"n. breeding bull, plowshare, funnel of seeder plow"
921	NINNI5	ninni5	1				"n. a rush"
922	TIR	ninni8	1				
923	NINNU	ninnu	1				"adj. fifty"
924	NIR	nir	1				"n. prince, lord"
925	|ZA.GIN2|	nir2	1				"n. chalcedony?; adj. lapis-like, greenish?"
926	|ZA.NIM|	nir3	1				"n. a type of stone"
927	|ZA.MIR|	nir7	1				"n. a type of stone"
928	GIN2	nirx	1				
929	|MIR.ZA|	nirx	1				
930	|SZE.NAGA|	nisaba	1				"dn. Nisaba"
931	NAGA	nisaba2	1				
932	SAR	nisi	1				"n. vegetable; adj. green"
933	USZ	nita	1				"n. male"
934	ARAD	nita2	1				"n. male"
935	|MUNUS.USZ|	nita3	1				
936	NU	nu	1				"adv. no, not, without; vp. negative"
937	NU11	nu11	1				"adj. bright"
938	NA2	nu2	1				"v. to lie down"
939	NIM	num	1				
940	LUM	num2	1				
941	NUMUN	numun	1				"n. seed"
942	NUN	nun	1				"n. prince; v. to rise up; adj. princely"
943	NUNDUM	nundum	1				"n. lip"
944	NUNUZ	nunuz	1				"n. egg"
945	NUSKA	nusku	1				"dn. Nusku"
946	PA	pa	1				"n. branch, wing, feather, leaf"
947	BA	pa2	1				
948	PAD3	pa3	1				"v. to find"
949	PAP	pa4	1				"n. ditch"
950	|PAP.E|	pa5	1				"n. ditch"
951	PAD	pad	1				"v. to break off"
952	LUL	pah	1				
953	|IGI.DU|	palil	1				"adj. foremost"
954	|IGI.SZE3.DU|	palil2	1				"adj. foremost"
955	PAN	pan	1				
956	PAP	pap	1				
957	DAG	par3	1				
958	KISAL	par4	1				
959	PI	pe	1				
960	GIR	pesz	1				"adj. pregnant"
961	|KI.A|	pesz10	1				
962	PESZ2	pesz2	1				"n. rodent"
963	MA	pesz3	1				"n. fig"
964	KAD4	pesz5	1				
965	KAD5	pesz6	1				
966	|GA.KAD3|	peszx	1				
967	|SZU.KAD4|	peszx	1				
968	PI	pi	1				
969	BI	pi2	1				
970	KA	pi4	1				
971	NE	pi5	1				
972	NE	pil	1				
973	BIL2	pil2	1				
974	|GISZ.BIL2|	pil3	1				
975	PIRIG	pirig	1				"n. large feline"
976	UG	pirig3	1				"n. large feline"
977	GA2	pisan	1				"n. box"
978	|SZIDxA|	pisan3	1				"n. box"
979	BU	pu	1				
980	TUL2	pu2	1				"n. well, cistern"
981	PU3	pu3	1				
982	|PU3.SZA|	puzur4	1				"n. shade, protection"
983	SILA3	qa	1				
984	GA	qa2	1				
985	GAR3	qar	1				
986	KI	qe2	1				
987	KI	qi2	1				
988	GI4	qi4	1				
989	GIR	qir	1				
990	KUM	qu	1				
991	KU	qu2	1				
992	GU	qu3	1				
993	KUM	qum	1				
994	NE	qum2	1				"n. heat, fever; v. to heat; adj. hot"
995	GUR	qur	1				
996	KUR	qur2	1				"n. foreign land, mountain"
997	GUR8	qur8	1				"n. load"
998	RA	ra	1				"v. to beat"
999	DU	ra2	1				"n. path"
1000	RI	re	1				
1001	URU	re2	1				
1002	DU	re6	1				"v. to carry (hamtu)"
1003	LAH4	re7	1				
1004	KAL	reb	1				
1005	HU	rex	1				"vp. precative (maru) and affirmative (hamtu)"
1006	RI	ri	1				"v. to throw down, cast, fall down; tt. to die (said of animals, not slaughtered)"
1007	URU	ri2	1				
1008	|MUSZ&MUSZ|	ri8	1				
1009	KAL	rib	1				
1010	ZUM	rig2	1				
1011	RI	rig5	1				
1012	|PA.HUB2.DU|	rig7	1				
1013	|PA.HUB2|	rig8	1				
1014	|HUB2.DU|	rig9	1				
1015	|MUNUS.HUB2.DU|	rigx	1				
1016	|PA.MUNUS.HUB2.DU|	rigx	1				
1017	|NE.RU|	rim3	1				
1018	KASZ4	rim4	1				
1019	LAGAB	rin	1				
1020	ERIM	rin2	1				
1021	|SZU+LAGAB|	rinx	1				
1022	HU	rix	1				"vp. precative (maru) and affirmative (hamtu)"
1023	RU	ru	1				"v. to cast down"
1024	EN	ru12	1				
1025	|URUxA|	ru14	1				
1026	GAG	ru2	1				"v. to erect"
1027	EDIN	ru6	1				
1028	SZEN	rug	1				
1029	ASZ	rum	1				
1030	ZA	s,a	1				
1031	ZI2	s,e	1				
1032	ZI	s,e2	1				
1033	ZI2	s,i	1				
1034	ZI	s,i2	1				
1035	NUN	s,il	1				
1036	MI	s,il2	1				
1037	MUSZ	s,ir	1				
1038	ZUM	s,u	1				
1039	ZU	s,u2	1				
1040	ZUM	s,um	1				
1041	AMAR	s,ur	1				
1042	MUSZ	s,ur2	1				
1043	SI	s'i	1				
1044	SU	s'u	1				
1045	SU4	s'u2	1				
1046	TAG	s'um	1				
1047	SA	sa	1				"n. sinew, tendon, cord, net, bundle, string of a musical instrument; v. to roast (barley)"
1048	|NINDA2xSZE|	sa10	1				"to be equivalent; to buy (cf., sam{2})."
1049	SAG	sa12	1				" (cf., sag)."
1050	DI	sa2	1				"v. to be equal"
1051	ZA	sa3	1				
1052	|HU.NA2|	sa4	1				"v. to name"
1053	SA6	sa6	1				"adj. sweet; v. to be sweet, beautiful"
1054	SZAB	sab	1				
1055	SAG	sag	1				"n. head, top, slave; tt. beginning or top (said of tablets)"
1056	KIN	sag11	1				
1057	|PA.GAN|	sag2	1				"v. to hit"
1058	PA	sag3	1				"v. to strike"
1059	SZID	sag5	1				
1060	SIG5	saga	1				"adj. fine"
1061	|SAGxDU|	sagdu	1				
1062	|SAG+IG|	saggal	1				"adj. having head, qualification of 3rd millennium gur"
1063	|SILA3.SZU.GAB|	sagi	1				"n. cup-bearer"
1064	SAGSZU	sagszu	1				"n. head, top, slave; tt. beginning or top (said of tablets)"
1065	KWU509	sagx	1				
1066	|SZE.KIN|	sagx	1				
1067	HA	sah7	1				
1068	ISZ	sahar	1				"n. soil, earth"
1069	SAR	sakar	1				"n. cresent"
1070	MUNUS	sal	1				"adj. thin"
1071	SILA3	sal4	1				
1072	|SZE3.BU.NUN.SZE3.TU|	saman2	1				
1073	|SZE.SZE3.NUN.BU|	saman3	1				
1074	SZAGAN	saman4	1				
1075	|BU.NUN.SZE.SZE3|	samanx	1				
1076	|SUD.NUN.SZE.SZE3|	samanx	1				
1077	SZID	sanga	1				"n. temple administrator"
1078	|IL2.MA2.DUB2|	sanga2	1				
1079	|IL2.DUB2|	sanga4	1				
1080	SAR	sar	1				"v. to write; n. vegetable"
1081	NINDA2	sax	1				"v. to exchange"
1082	|NINDA2x(SZE.2(ASZ))|	sax	1				"v. to exchange"
1083	|NINDA2x2(ASZ)|	sax	1				"v. to exchange"
1084	|NINDA2xAN|	sax	1				"v. to exchange"
1085	SI	se	1				
1086	SIG	se11	1				"v. to live (plural)"
1087	SIG7	se12	1				
1088	ZI	se2	1				
1089	SUM	se3	1				"v. to throw down"
1090	SZESZ	ses	1				
1091	SI	si	1				"n. horn; v. to fill"
1092	ZI	si2	1				
1093	SU4	si4	1				
1094	SIG	sig	1				"adj. below; n. evening, low country"
1095	KAL	sig15	1				"n. a quality of flour"
1096	GI	sig17	1				"adj. yellowish"
1097	SIG4	sig4	1				"n. sun-dried unbaked brick, brickwork"
1098	SIG7	sig7	1				"adj. yellowish"
1099	SIG2	siki	1				"n. wool"
1100	EL	sikil	1				"v., to be/make clean, pure; adj. clean, fresh, pure"
1101	TAR	sila	1				"n. street"
1102	SILA3	sila3	1				"tt. capacity measure ca. one liter"
1103	SILA4	sila4	1				"n. lamb"
1104	ASARI	silig	1				
1105	BANSZUR	silig5	1				
1106	DI	silim	1				"n. peace, health"
1107	NAM	sim	1				"n. dove"
1108	DE2	simug	1				"n. smith"
1109	NAM	sin2	1				
1110	SIPA	sipa	1				"n. shepherd"
1111	BU	sir2	1				
1112	EZEN	sir3	1				
1113	|UD.MA2.NINA.TAG|	sirara3	1				"gn. Sirara"
1114	|UD.MA2.NINA.KI.TAG|	sirara6	1				"gn. Sirara"
1115	SISKUR	siskur	1				"n. offering"
1116	|SISKUR.SISKUR|	siskur2	1				"n. offering"
1117	SU	su	1				"n. body, flesh, skin, meat, relatives; v. to replace"
1118	BU	su13	1				
1119	ZU	su2	1				
1120	SUD	su3	1				"v. to be long or distant, to be  empty"
1121	SU4	su4	1				
1122	SU6	su6	1				"n. beard"
1123	SU7	su7	1				"n. threshing floor; v. to thresh"
1124	LAH4	su8	1				"v. to go (pl. maru, with b-auslaut), to stand (pl. maru, with g-auslaut)"
1125	|KAxGA|	sub	1				"v. to suckle"
1126	USAN	sub3	1				
1127	TAG	sub6	1				
1128	SUD	sud	1				NOTE
1129	SZITA3	sud2	1				
1130	|SU.KUR.RU|	sud3	1				"dn. Sud"
1131	|SU.KUR|	sudx	1				"dn. Sud"
1132	|(SUxKUR).RU|	sudx	1				"dn. Sud"
1133	ZUEN	suen	1				"dn. Suen"
1134	SUG	sug	1				"n. swamp, flood basin, lake, fertile land"
1135	MUSZ2	suh	1				
1136	SUH3	suh3	1				"v. to be confused"
1137	KID	suh4	1				"v. to be confused"
1138	KU	suh5	1				
1139	SUHUSZ	suh6	1				
1140	MUL	suhub2	1				"n. boot"
1141	|AN.MUL|	suhubx	1				"n. boot?"
1142	SUHUR	suhur	1				"n. a carp?"
1143	SUHUSZ	suhusz	1				"n. base, foundation"
1144	LUH	sukkal	1				"n. messenger, courier"
1145	GALAM	sukud	1				"adj. tall, high"
1146	SUM	sum	1				"n. garlic? (onion), v. to give"
1147	BAD	sumun	1				"adj. old"
1148	DUL3	sumur	1				"adj. old"
1149	GUL	sun2	1				"n. wild cow"
1150	SUR	sur	1				"v. to divide, to press, to brew"
1151	DUL3	sur2	1				
1152	SUR3	sur3	1				
1153	LAL	suru5	1				
1154	ERIM	surx	1				
1155	SZA	sza	1				
1156	GA2	sza13	1				
1157	SZA3	sza3	1				"n. inside, stomach"
1158	DU	sza4	1				"v. to name, to make noise "
1159	AG	sza5	1				
1160	SAR	sza8	1				
1161	SZAB	szab	1				
1162	SZABRA	szabra	1				"n. chief administrator"
1163	|LU2xKAR2|	szaga	1				
1164	SZAGAN	szagan	1				"n. a type of pot"
1165	AMA	szaganx	1				
1166	|GIR3.ARAD|	szagina	1				"n. general"
1167	SZUL	szah2	1				"n. pig"
1168	|URUxGU|	szakir	1				"n. churn"
1169	SZAGAN	szakkan	1				
1170	GIR3	szakkan2	1				"dn. Shakkan"
1171	|GIR3.ARAD|	szakkan6	1				"dn. Shakkan"
1172	MUNUS	szal	1				
1173	SILA3	szal2	1				
1174	|GAL.NI|	szandana	1				"n. a type of profession, gardener"
1175	SAR	szar	1				
1176	SZAR2	szar2	1				"tt. area measurement = 18 iku, sexagessimal number = 3600"
1177	LUGAL	szar3	1				
1178	SZARA2	szara2	1				"dn. Shara"
1179	NE	szarx	1				"v. to burn?"
1180	LIL	szax	1				
1181	SZE	sze	1				"n. barley; tt. weight measure = 1/180 shekel"
1182	|MUSZ3xA|	sze12	1				"adj. cold"
1183	SZID	sze14	1				
1184	IGI	sze20	1				
1185	|HU.NA2|	sze21	1				"v. to lie down (inanimate)."
1186	MUSZ3	sze23	1				
1187	|LU2xKAR2|	sze29	1				
1188	SZE3	sze3	1				"pp. terminative"
1189	NE	sze6	1				"v. to boil, to smoke"
1190	SIG4	szeg12	1				
1191	|IM.A.AN|	szeg14	1				"n. rain"
1192	|A.AN|	szeg3	1				
1193	|URUxTU|	szeg5	1				
1194	IM	szeg7	1				
1195	SZEG9	szeg9	1				"n. a large wild animal"
1196	A	szegx	1				"n. rain"
1197	|IM.A|	szegx	1				"n. rain"
1198	KIR2	szem3	1				"n. tambourine"
1199	KIR6	szem5	1				
1200	|SZIMxSIG7|	szembi	1				"n. kohl"
1201	SZIM	szembi2	1				
1202	|BULUG@BULUG|	szembulug	1				
1203	SZEN	szen	1				"n. a metal pot; adj. clean, pure"
1204	KIB	szennur	1				"n. a metal pot; adj. clean, pure"
1205	|ME.AD.KU3|	szennux	1				"n. a metal pot; adj. clean, pure"
1206	EZEN	szer3	1				"n. song"
1207	NIR	szer7	1				
1208	SZESZ	szesz	1				"n. brother"
1209	SZESZ2	szesz2	1				
1210	EREN	szesz4	1				"v. to smear"
1211	|A.MUSZ3|	szex	1				"adj. cold"
1212	SIG7	szex	1				
1213	IGI	szi	1				
1214	SZID	szid	1				"v. to count, to recite"
1215	LA	szika	1				"n. a fragment, shard"
1216	SZILAM	szilam	1				
1217	TUR3	szilamx	1				
1218	SZIM	szim	1				"n. aromatic substance, resin"
1219	|LU2.SU|	szimaszgi	1				"gn. Shimashki"
1220	|LU2.SU.A|	szimaszgi2	1				"gn. Shimashki"
1221	|SU.A|	szimaszgix	1				"gn. Shimashki"
1222	KWU745	szimx	1				"n. aromatic substance, resin"
1223	KWU752	szimx	1				"n. aromatic substance, resin"
1224	SZINIG	szinig	1				"n. tamarisk"
1225	SZIR	szir	1				"n. testicle, bulb"
1226	SZID	szit	1				"n. testicle, bulb"
1227	SZITA	szita	1				"n. mace"
1228	SZITA2	szita2	1				"n. mace"
1229	SUD2	szita3	1				"n. gutter"
1230	SZITA4	szita4	1				
1231	SZID	sziti	1				
1232	GIM	szitim	1				
1233	SIG4	szix	1				
1234	SZU	szu	1				"n. hand"
1235	|KAxSZU|	szu12	1				"n. hand"
1236	SZU2	szu2	1				"v. to cover; n. cover"
1237	U	szu4	1				"v. to cover; n. cover"
1238	NIG2	szu7	1				
1239	RU	szub	1				"v. to fall down, to drop"
1240	|ZA.MUSZ2|	szuba	1				"n. a type of stone"
1241	|ZA.MUSZ3|	szuba2	1				"n. a type of stone"
1242	|MUSZ3.ZA|	szuba3	1				"n. a type of stone"
1243	SZUBUR	szubur	1				
1244	PU3	szud3	1				
1245	DUN4	szudul4	1				"n. a type of yoke"
1246	UR@s	szudul5	1				"n. a type of yoke"
1247	|URxA|	szudulx	1				
1248	PAD	szuku	1				"n. ration"
1249	|IGI.GAG|	szukur	1				"n. spear"
1250	SZUL	szul	1				"n. young man"
1251	TAG	szum	1				"v. to slaughter"
1252	SUM	szum2	1				
1253	|SZU+LAGAB|	szunigin	1				"n. (partial) sum"
1254	|SZU+NIGIN|	szunigin2	1				"n. sum"
1255	DUL3	szur2	1				"adj. furious"
1256	SZIR	szur3	1				
1257	|LAL2.SAR|	szur4	1				
1258	|LAL.LAGAB|	szur5	1				
1259	|LAL2.LAGAB|	szur6	1				
1260	|SU.KUR.RU|	szuruppak	1				"gn. Shuruppak"
1261	SAHAR	szusz3	1				"n. chief cattle administrator"
1262	|MUSZ3.EREN|	szuszin	1				"gn. Susa"
1263	|GI.NA.AB.TUM|	szutum2	1				"n. storehouse"
1264	|GI.NA.AB.DU|	szutumx	1				"n. storehouse"
1265	|GI.NA.TUM|	szutumx	1				"n. storehouse"
1266	|KI.NA.AB.DAM|	szutumx	1				"n. storehouse"
1267	|KI.NA.AB.TUM|	szutumx	1				"n. storehouse"
1268	MAH	szutur	1				"n. storehouse"
1269	DA	t,a	1				
1270	HI	t,a3	1				
1271	DAM	t,am	1				
1272	DI	t,i	1				
1273	TI2	t,i2	1				
1274	TI	t,i3	1				
1275	DIB	t,ib	1				
1276	GIN2	t,u	1				
1277	TU	t,u2	1				
1278	DU	t,u3	1				
1279	KA	t,u6	1				
1280	TUL2	t,ul	1				
1281	TUM	t,um	1				
1282	TA	ta	1				"pp. ablative"
1283	DA	ta2	1				
1284	TAB	tab	1				"n. companion, pair; v., to double"
1285	MAN	tabx	1				
1286	TAG	tag	1				"v. to strike, to touch; tt. to weave"
1287	DAH	tah	1				
1288	DAG	tak2	1				"v. to leave behind"
1289	KID2	tak4	1				"v. to leave behind"
1290	RI	tal	1				
1291	HU	talx	1				"vp. precative (maru) and affirmative (hamtu)"
1292	UD	tam	1				
1293	DAM	tam2	1				
1294	TAR	tar	1				"v. to cut"
1295	DAR	tar2	1				
1296	TUG2	taskarin	1				"n. a type of tree"
1297	TE	te	1				"v. to approach (maru, with ng-auslaut)"
1298	TI	te9	1				
1299	TE	temen	1				"n. foundation"
1300	TIR	ter	1				"n. forest, grove, thicket"
1301	UR	tesz2	1				"adj. together"
1302	TI	ti	1				"v. to live, to approach (hamtu); n. arrow"
1303	DIN	ti2	1				
1304	TAG	tibir	1				
1305	|TAG.SZU|	tibir2	1				
1306	|DUB.NAGAR|	tibira	1				"n. sculpturer"
1307	KU	tibirx	1				"n. sculpturer"
1308	LUL.DUB2	tigi2	1				"n. sculpturer"
1309	BAD	til	1				"v. to be complete"
1310	URI	tilla	1				
1311	|AN.ASZ.AN|	tilla2	1				"n. town square"
1312	|AN.DISZ.AN|	tilla3	1				
1313	|AN.U.AN|	tilla5	1				
1314	DIM	tim	1				
1315	DIN	tin	1				
1316	TIR	tir	1				"n. forest, grove, thicket"
1317	MUSZ2	tiszpak	1				"dn. Tishpak"
1318	BARA2.MUNU5	titab	1				"dn. Tishpak"
1319	TU	tu	1				"v. to bear, to create; n. pigeon"
1320	HUB	tu10	1				
1321	HUB2	tu11	1				
1322	|A.SZU.NAGA|	tu17	1				"v. to wash"
1323	UD	tu2	1				
1324	DU	tu3	1				
1325	TUM	tu4	1				
1326	|SZU.NAGA|	tu5	1				"v. to wash"
1327	TU6	tu6	1				"n. exorcism, conjuration, exorcistic formula"
1328	KAM	tu7	1				"n. soup"
1329	TUG2	tug2	1				"n. cloth, garnment"
1330	BUL	tuk4	1				#NAME!
1331	TUK	tuku	1				"v. to have"
1332	TAG	tuku5	1				
1333	KU	tukul	1				"n. a weapon"
1334	|SZU.NIG2.TUR.LAL|	tukum	1				"irrealis particle, if"
1335	|SZU.LAL.TUR|	tukumx	1				"irrealis particle, if"
1336	|SZU.NIG2.TUR|	tukumx	1				"irrealis particle, if"
1337	|SZU.NIG2|	tukumx	1				"irrealis particle, if"
1338	|SZU.TUR|	tukumx	1				"irrealis particle, if"
1339	|KAxSZE|	tukur2	1				P107420
1340	TUL2	tul2	1				"n. public fountain"
1341	TUM	tum	1				
1342	DU	tum2	1				"v. to be fitting"
1343	TUM3	tum3	1				"v. to carry (maru)"
1344	HUB	tun	1				"v. to carry (maru)"
1345	TUR	tur	1				"v. to be/make small; adj., small, little, young."
1346	DUR	tur2	1				
1347	TUR3	tur3	1				"n. (cattle) pen"
1348	KU	tusz	1				"v. to sit (sg. hamtu)"
1349	U	u	1				"adj. ten"
1350	GISZGAL	u18	1				"n. humans"
1351	U2	u2	1				"n. plant, food"
1352	U3	u3	1				"vp. prospective; conj. and"
1353	UD	u4	1				"n. day, storm"
1354	U5	u5	1				"n. wild goose; v. to mount, to ride; to board (a boat)"
1355	U6	u6	1				"n. awe"
1356	U8	u8	1				"n. ewe"
1357	BAD3	u9	1				
1358	UB	ub	1				"n. corner, angle"
1359	SZE3	ub2	1				
1360	KIR2	ub3	1				"n. drum"
1361	UB5	ub5	1				
1362	UBARA	ubara	1				
1363	GALAM	ubi	1				"n. a type of fish"
1364	|DAG.(KISIM5xGA)|	ubur	1				"n. female breast, udder"
1365	|DAG.(KISIM5xIR)|	ubur3	1				"n. female breast, udder"
1366	|DAG.KISIM5x(LU.MASZ2)|	uburx	1				"n. female breast, udder"
1367	UD	ud	1				
1368	UZ3	ud5	1				"n. nanny goat"
1369	ASZ2	udru	1				"n. month name, Nippur"
1370	ASZ2	udru	1				"n. in month name, old ziz2-a"
1371	LU	udu	1				"n. sheep, small cattle"
1372	UDUG	udug	1				
1373	SZITA3	udug2	1				
1374	KAM	udul2	1				" n. bowl"
1375	UTUL5	udul5	1				
1376	GAN	udul7	1				
1377	UDUN	udun	1				
1378	UG	ug	1				
1379	GIR3	ug2	1				
1380	UN	ug3	1				"n. people"
1381	BAD3	ug5	1				"v. to die"
1382	BAD	ug7	1				"v. to die"
1383	|KI.SU.LU.SZE3.NIG2|	ugnim	1				"n. army, campaign, military camp"
1384	|KI.LU.SZE3|	ugnimx	1				"n. army, campaign, military camp"
1385	|KI.SU.LU.KI.NIG2|	ugnimx	1				"n. army, campaign, military camp"
1386	|KI.SU.LU.NIG2|	ugnimx	1				"n. army, campaign, military camp"
1387	|KI.SU.LU.SZE3.NIG2.RA|	ugnimx	1				"n. army, campaign, military camp"
1388	|KI.SU.LU.SZE3.NIG2|	ugnimx	1				"n. army, campaign, military camp"
1389	|KI.SU.LU.SZE3|	ugnimx	1				"n. army, campaign, military camp"
1390	|KI.SU.LU.SZU.NIG2|	ugnimx	1				"n. army, campaign, military camp"
1391	|KI.SU.NIG2.RA|	ugnimx	1				"n. army, campaign, military camp"
1392	|KI.SU.ZA.LU.SZE3|	ugnimx	1				"n. army, campaign, military camp"
1393	|LU.SZE3.NIG2.KI|	ugnimx	1				"n. army, campaign, military camp"
1394	|SU.KI.LU.SZE3.KI|	ugnimx	1				"n. army, campaign, military camp"
1395	|SU.KU.SZE3.KI.NIG2.RA|	ugnimx	1				"n. army, campaign, military camp"
1396	|SU.LU.SU.KI.NIG2|	ugnimx	1				"n. army, campaign, military camp"
1397	UGU	ugu	1				"n. top"
1398	|A.KA|	ugu2	1				"n. top, forehead; tt. debits (said of an account)"
1399	|A.SAG|	ugu3	1				
1400	KU	ugu4	1				
1401	PA	ugula	1				"n. overseer"
1402	SIG7	ugur2	1				
1403	AH	uh	1				
1404	UH2	uh2	1				
1405	KUSZU2	uh3	1				"n. a type of beast"
1406	UG	uk	1				
1407	UKKEN	ukken	1				"n. assembly"
1408	|LAL2.DU|	uku2	1				"n. poor person"
1409	HUL2	ukusz2	1				"n. cucumber"
1410	UL	ul	1				"n. flower; adj., remote, distant"
1411	NU	ul2	1				
1412	KIB	ul3	1				
1413	GIR2@g	ul4	1				"v. to be quick; adj. quick"
1414	GISZGAL	ulu3	1				"NOTE u18"
1415	|BI.ASZ2|	uluszinx	1				"n. emmer beer"
1416	UM	um	1				
1417	UMBIN	umbin	1				"n. nail, claw, talon, hoof"
1418	|GISZ.KUSZU2|	umma	1				"gn. Umma"
1419	|UB.ME|	umma2	1				"gn. Umma"
1420	|UM.ME|	ummeda	1				"n. wet-nurse"
1421	|A.EDIN.A.LAL|	ummu	1				"n. waterskin"
1422	|A.EDIN.LAL|	ummu3	1				"n. waterskin"
1423	|A.EDIN|	ummux	1				"n. waterskin"
1424	|A.U.EDIN.LAL|	ummux	1				"n. waterskin"
1425	|EDIN.A.LAL|	ummux	1				"n. waterskin"
1426	|EDIN.A|	ummux	1				"n. waterskin"
1427	|EDIN.LAL.A|	ummux	1				"n. waterskin"
1428	|EDIN.LAL|	ummux	1				
1429	|EDIN.NA.A.LAL|	ummux	1				"n. waterskin"
1430	TUG2	umusz	1				
1431	UN	un	1				
1432	UNUG	unu	1				"gn. Uruk"
1433	|TE.UNUG|	unu2	1				
1434	|AB2.KU|	unu3	1				"n. cow herd"
1435	|TE.AB|	unu6	1				"n. chamber?"
1436	HAR	unux	1				
1437	TE	unux	1				
1438	|TE.MUSZ3|	unux	1				
1439	UB	up	1				
1440	UG	uq	1				"n. lion"
1441	UR	ur	1				"n. dog, carnivorous beast, servant"
1442	UR2	ur2	1				"n. floor, base, lap, thighs"
1443	UR3	ur3	1				"n. beam, roof"
1444	UR4	ur4	1				"n. scythe; v. to pluck (wool)"
1445	HAR	ur5	1				"n. debt, interest"
1446	URI	uri	1				"gn. Akkad"
1447	|SZESZ.UNUG|	uri2	1				"gn. Ur"
1448	SZESZ	uri3	1				
1449	|SZESZ.AB|	uri5	1				"gn. Ur"
1450	IB	urta	1				
1451	|URUxKAR2|	uru11	1				"gn. Urub"
1452	UR3	uru12	1				
1453	EN	uru16	1				"adj. princely"
1454	URU2	uru2	1				
1455	APIN	uru4	1				"v. to plow "
1456	GUR8	uru5	1				
1457	|URUxA|	urua	1				"gn. Urua"
1458	URUDU	uruda	1				"n. copper"
1459	|UR2xU2.ASZ|	urum2	1				"gn. Urum"
1460	|UR2x(A.HA)|	urumx	1				"gn. Urum"
1461	|UR2xHA|	urumx	1				"gn. Urum"
1462	|UR2xU2|	urumx	1				"gn. Urum"
1463	|DUG.SILA3.BUR|	urx	1				"n. potter"
1464	UZ	us	1				
1465	USZ	us2	1				"v. to lean agains, to follow"
1466	USAN	usan	1				"n. whip,  dawn(?)"
1467	USAN2	usan2	1				"n. whip,  dawn(?)"
1468	USAN3	usan3	1				"n. whip"
1469	USZ	usz	1				
1470	|KAxBAD|	usz11	1				
1471	BAD	usz2	1				"v. to die; tt. to die (said of animals, slaughtered)"
1472	BUR2	uszum	1				"n. a (mythological animal) snake"
1473	|GAL.BUR2|	uszumgal	1				
1474	BUR2@g	uszumx	1				"n. a (mythological animal) snake"
1475	|LAL2.SAR|	uszur	1				
1476	|LAL.SAR|	uszur2	1				
1477	|LAL2.LAGAB|	uszur3	1				
1478	|LAL.LAGAB|	uszur4	1				
1479	|LAL.TUG2|	uszurx	1				
1480	|LAL2.TUG2|	uszurx	1				
1481	UD	ut	1				
1482	UD	utu	1				"dn. Utu"
1483	UTU2	utu2	1				
1484	UTUL12	utul12	1				
1485	UZ	uz	1				"n. duck"
1486	UZ3	uz3	1				"n. nanny goat"
1487	UZU	uzu	1				"n. flesh"
1488	|KAxU2|	uzug5	1				
1489	PI	wa	1				
1490	PI	we	1				
1491	PI	wi	1				
1492	PI	wu	1				
1493	X	x	1				
1494	ZA	za	1				
1495	ZAG	za3	1				"n. side, edge"
1496	|ZA.MUSZ2.UNUG|	zabala	1				"gn. Zabalam"
1497	|ZA.MUSZ3.UNUG|	zabala2	1				"gn. Zabalam"
1498	|MUSZ3.UNUG|	zabala3	1				"gn. Zabalam"
1499	|MUSZ3.ZA.UNUG|	zabala4	1				"gn. Zabalam"
1500	|MUSZ3.AB|	zabala5	1				"gn. Zabalam"
1501	|AB.MUSZ3|	zabala6	1				"gn. Zabalam"
1502	|AN.MUSZ3.AB|	zabalax	1				"gn. Zabalam"
1503	|AN.MUSZ3.UNUG|	zabalax	1				"gn. Zabalam"
1504	|MUSZ3.TE.UNUG|	zabalax	1				"gn. Zabalam"
1505	|MUSZ3.UNUG.ZA|	zabalax	1				"gn. Zabalam"
1506	|UNUG.MUSZ3.ZA|	zabalax	1				"gn. Zabalam"
1507	|UD.KA.BAR|	zabar	1				"n. bronze"
1508	|(KAxUD).BAR|	zabar3	1				"n. bronze"
1509	ZADIM	zadim	1				"n. stone cutter?"
1510	SZID	zag3	1				
1511	NE	zah	1				
1512	|HA.A|	zah2	1				"v. to flee, escape"
1513	HA	zah3	1				
1514	ZAH3	zah3	1				
1515	NI	zal	1				"v. to pass, to flow"
1516	UD	zalag	1				"adj. pure, bright"
1517	ERIM	zalag2	1				"adj. pure, bright"
1518	ZAG	zaq	1				
1519	ZAR	zar	1				
1520	SUM	zar3	1				"n. sheaf"
1521	ZI	ze	1				
1522	ZI2	ze2	1				
1523	SIG7	zex	1				
1524	ZI	zi	1				"n. breath (of life), throat, soul; v. (with r-auslaut) to destroy; (with g-auslaut) to rise; (with d-auslaut) to be faithful, true"
1525	ZI2	zi2	1				"n. stench, bile; adj. bitter"
1526	SZE3	zi3	1				"n. flour"
1527	|KI.NE|	zi7	1				
1528	ZIB	zib	1				
1529	ENGUR	zigum	1				
1530	ENGUR	zikum	1				
1531	|UD.KIB.NUN|	zimbir	1				"gn. Sippar"
1532	|UD.NUN.KIB|	zimbirx	1				"gn. Sippar"
1533	|EN.NUNUZ.ZI.AN.SZESZ.KI|	zirru	1				
1534	ASZ2	ziz2	1				"n. emmer"
1535	|TAG.TAG|	ziz5	1				
1536	ZU	zu	1				"v. to know; ps. 2nd person"
1537	KA	zu2	1				"n. tooth"
1538	GAM3	zubi	1				"gn. river"
1539	KA	zuh	1				"v. to steal"
1540	ZUM	zum	1				
1541	AMAR	zur	1				
1542	|A.MUSZ3|		1				
1543	|AB@g|		1				
1544	|AB2x(BI.ME)|		1				
1545	|AB2xUD|		1				
1546	|AB2xX|		1				
1547	|ABxNUN|		1				
1548	|ABxU|		1				
1549	|ABxX|		1				
1550	|(AH.AH)&(AH.HI)|		1				
1551	|AMA.GAN|		1				"n. a female equid"
1552	|AxMUSZ3|		1				
1553	|BAD&BAD|		1				
1554	|BAD3.AN|		1				"gn. “BAD.AN”"
1555	|BIxPAP|		1				
1556	CDLS001		1				
1557	|E2xGAN2|		1				"n. house(hold)"
1558	|E2xU|		1				
1559	|E2xUD|		1				"n. house(hold)"
1560	|ENxX|		1				
1561	|EZENxKAR2|		1				
1562	|EZENxX|		1				
1563	|GA2@s|		1				
1564	|GA2xBU|		1				
1565	|GA2xGIR3|		1				"n. reed basket"
1566	|GA2xME|		1				
1567	|GA2xSIG7|		1				"n. dais ?"
1568	|GA2xX|		1				
1569	|GAxU|		1				
1570	|GAxX|		1				
1571	GIR2@g		1				"n. beer vessel"
1572	|GIR3@s|		1				
1573	|GISZ.xLU2|		1				
1574	|GISZ.xSZU|		1				
1575	|GISZ.xX|		1				
1576	|GISZxSZU|		1				
1577	|GU2xESZ|		1				
1578	|GU4xSZE|		1				
1579	HA@t		1				"n. a domesticated animal"
1580	|HIxDISZ|		1				
1581	|HIxSAR|		1				
1582	|HIxU.NE|		1				
1583	|HIxU|		1				
1584	|HIxX|		1				
1585	|IMxKAR2|		1				
1586	|ISIM5xGUG2|		1				
1587	KAD3		1				
1588	|KAL.KAL|		1				
1589	|KAMxU|		1				
1590	|KAxX|		1				
1591	|KI.AN|		1				"n. threshing floor"
1592	|KI.KAL|		1				"sassatu grass"
1593	KIB@s		1				"n. a metal pot; adj. clean, pure"
1594	|KINxUD|		1				
1595	|KIR2&KIR2|		1				
1596	KISIM5		1				
1597	|KISIM5x(TUG2.HI)|		1				
1598	|KISIM5xBI|		1				
1599	|KISIM5xGA|		1				"n. female breast, udder"
1600	|KISIM5xGAG|		1				
1601	|KISIM5xGUG2|		1				
1602	|KISIM5xIR|		1				"n. female breast, udder"
1603	|KISIM5xNE|		1				
1604	|KISIM5xX|		1				
1605	|KU.GUL|		1				"n. a plant"
1606	|KUxNIG2|		1				
1607	|KUxX|		1				
1608	KWU161		1				
1609	KWU173		1				
1610	KWU276		1				
1611	KWU289		1				
1612	KWU318		1				
1613	KWU422		1				
1614	KWU435		1				
1615	KWU442		1				
1616	KWU443		1				
1617	KWU453		1				
1618	KWU474		1				
1619	KWU475		1				
1620	|KWU475xBI|		1				
1621	KWU491		1				
1622	KWU518		1				
1623	KWU543		1				
1624	KWU544		1				
1625	KWU713		1				
1626	KWU715		1				
1627	KWU729		1				
1628	KWU733		1				
1629	KWU879		1				
1630	KWU893		1				
1631	|LAGABxASZ2|		1				
1632	|LAGABxSZA3|		1				
1633	|LAGABxSZU|		1				
1634	|LAGABxUD@g|		1				
1635	|LAGABxX|		1				
1636	|LAGARxZA|		1				
1637	|LI@LI|		1				
1638	|LU2&LU2|		1				
1639	|LU2xGA2|		1				
1640	|LU2xX|		1				
1641	|LUL.SZE|		1				
1642	|LUxX|		1				
1643	|MASZ.EN.GAG|		1				"n. a social class"
1644	|MAxKAR2|		1				
1645	|MUSZxGAD|		1				
1646	|NIG2.MUNUS.LAL.SAG|		1				"n. a headband for women"
1647	|NIG2.MUNUS.SAG.LAL|		1				"n. a headband for women"
1648	|NIG2.SAG.LAL.MUNUS|		1				"n. a headband for women"
1649	NIGIN4		1				
1650	|NIM@g|		1				
1651	|NINDA2xU|		1				
1652	|NUNUZ.(KISIM5x(TUG2.HI))|		1				
1653	|NUNUZ.(KISIM5xGAG)|		1				
1654	|NUNUZ.(KISIM5xGUG2)|		1				
1655	|NUNUZ.(KISIM5xX)|		1				
1656	|NUNUZ.AB2x(BI.ME)|		1				
1657	|NUNUZ.AB2xGUG2|		1				
1658	|NUNUZ.AB2xX|		1				
1659	|PA.URU|		1				"adj. a laborer qualification"
1660	REC344		1				
1661	|SAGxNI|		1				
1662	|SAGxSIG7|		1				
1663	|SI@s|		1				
1664	|SZA3xX|		1				
1665	|SZIMxAN|		1				
1666	|SZIMxKUSZU2|		1				
1667	|SZIMxPI|		1				
1668	|SZIMxX|		1				
1669	|SZU2.E2|		1				
1670	|TAxASZ2|		1				
1671	|TAxSZE|		1				
1672	|TAxU|		1				
1673	|TExX|		1				
1674	|TUG2.HI|		1				
1675	|TUG2.NUN|		1				
1676	|TUKxUD|		1				
1677	|TUM@s|		1				
1678	|U.EN|		1				"n. a plant"
1679	|U8+HUL2|		1				"n. a fat-tailed ewe"
1680	|UDxX|		1				
1681	|UG@g|		1				
1682	UR@g		1				
1683	UR2@g		1				"n. a woody plant"
1684	|UR2x(A.NA)|		1				
1685	|UR2xA|		1				
1686	|UR2xASZ2|		1				
1687	|UR2xGAD|		1				
1688	|UR2xKAL|		1				
1689	|UR2xKAR2|		1				
1690	|UR2xPA|		1				
1691	|UR2xUD|		1				
1692	|UR2xX|		1				
1693	|UR2xZI|		1				
1694	|URUDUxESZ|		1				
1695	|URUxKI|		1				
1696	|URUxX|		1				
1697	|URxX|		1				
1698	|USZ@g|		1				
1699	|USZxSA|		1				
1700	|USZxX|		1				
1701	|ZI&ZI|		1				"n. a plant"
1702	ZI2		1				
1703	ASZ	1(asz)	1				"“1” gur, gu2, laborer"
1704	ASZ@45	1(asz@45)	1				"“1”, special circumstances"
1705	ASZ@c	1(asz@c)	1				
1706	BAN2	1(ban2)	1				
1707	BAN2@c	1(ban2@c)	1				
1708	BARIG	1(barig)	1				
1709	BARIG@c	1(barig@c)	1				
1710	BUR'U	1(bur'u)	1				
1711	BUR3	1(bur3)	1				
1712	DISZ	1(disz)	1				
1713	ESZE3	1(esze3)	1				
1714	GESZ'U	1(gesz'u)	1				
1715	GESZ'U@c	1(gesz'u@c)	1				
1716	GESZ2	1(gesz2)	1				
1717	GESZ2@c	1(gesz2@c)	1				
1718	IKU	1(iku)	1				
1719	IKU@c	1(iku@c)	1				
1720	SZAR'U	1(szar'u)	1				
1721	SZAR2	1(szar2)	1				
1722	SZAR2@c	1(szar2@c)	1				
1723	SZARGAL	1(szargal){gal}	1				
1724	U	1(u)	1				
1725	U@c	1(u@c)	1				
1726	ASZ	1/2(asz)	1				
1727	ASZ@c	1/2(asz@c)	1				
1728	DISZ	1/2(disz)	1				
1729	IKU	1/2(iku)	1				
1730	IKU@c	1/2(iku@c)	1				
1731	NINDA2x(SZE.1(ASZ))	1/3(|NINDA2x(SZE.1(ASZ))|)	1				
1732	ASZ	1/3(asz)	1				
1733	ASZ@c	1/3(asz@c)	1				
1734	DISZ	1/3(disz)	1				
1735	DISZ@v	1/3(disz@v)	1				
1736	IKU	1/4(iku)	1				
1737	IKU	1/8(iku)	1				
1738	ASZ	2(asz)	1				
1739	ASZ@45	2(asz@45)	1				
1740	ASZ@c	2(asz@c)	1				
1741	BAN2	2(ban2)	1				
1742	BAN2@c	2(ban2@c)	1				
1743	BARIG	2(barig)	1				
1744	BARIG@c	2(barig@c)	1				
1745	BUR'U	2(bur'u)	1				
1746	BUR3	2(bur3)	1				
1747	DISZ	2(disz)	1				
1748	DISZ@v	2(disz@v)	1				
1749	ESZE3	2(esze3)	1				
1750	GESZ'U	2(gesz'u)	1				
1751	GESZ'U@c	2(gesz'u@c)	1				
1752	GESZ2	2(gesz2)	1				
1753	GESZ2@c	2(gesz2@c)	1				
1754	IKU	2(iku)	1				
1755	IKU@c	2(iku@c)	1				
1756	SZAR'U	2(szar'u)	1				
1757	SZAR2	2(szar2)	1				
1758	SZARGAL	2(szargal){gal}	1				
1759	U	2(u)	1				
1760	U@c	2(u@c)	1				
1761	NINDA2x(SZE.2(ASZ))	2/3(|NINDA2x(SZE.2(ASZ))|)	1				
1762	ASZ	2/3(asz)	1				
1763	DISZ	2/3(disz)	1				
1764	DISZ@v	2/3(disz@v)	1				
1765	ASZ	3(asz)	1				
1766	ASZ@45	3(asz@45)	1				
1767	ASZ@c	3(asz@c)	1				
1768	BAN2	3(ban2)	1				
1769	BAN2ASZ@45	3(ban2)(3(asz@45))	1				
1770	BAN2@c	3(ban2@c)	1				
1771	BARIG	3(barig)	1				
1772	BUR'U	3(bur'u)	1				
1773	BUR3	3(bur3)	1				
1774	DISZ	3(disz)	1				
1775	GESZ'U	3(gesz'u)	1				
1776	GESZ2	3(gesz2)	1				
1777	GESZ2@c	3(gesz2@c)	1				
1778	IKU	3(iku)	1				
1779	IKU@c	3(iku@c)	1				
1780	SZAR'U	3(szar'u)	1				
1781	SZAR2	3(szar2)	1				
1782	SZARGAL	3(szargal){gal}	1				
1783	U	3(u)	1				
1784	U@c	3(u@c)	1				
1785	ASZ	4(asz)	1				
1786	ASZ@45	4(asz@45)	1				
1787	ASZ@c	4(asz@c)	1				
1788	BAN2	4(ban2)	1				
1789	BAN2@c	4(ban2@c)	1				
1790	BARIG	4(barig)	1				
1791	BUR'U	4(bur'u)	1				
1792	BUR3	4(bur3)	1				
1793	DISZ	4(disz)	1				
1794	DISZ@v	4(disz@v)	1				
1795	GESZ'U	4(gesz'u)	1				
1796	GESZ2	4(gesz2)	1				
1797	GESZ2@c	4(gesz2@c)	1				
1798	IKU	4(iku)	1				
1799	SZAR'U	4(szar'u)	1				
1800	SZAR2	4(szar2)	1				
1801	SZARGAL	4(szargal){gal}	1				
1802	U	4(u)	1				
1803	U@c	4(u@c)	1				
1804	ASZ	5(asz)	1				
1805	ASZ@45	5(asz@45)	1				
1806	ASZ@c	5(asz@c)	1				
1807	BAN2	5(ban2)	1				
1808	BUR'U	5(bur'u)	1				
1809	BUR3	5(bur3)	1				
1810	DISZ	5(disz)	1				
1811	GESZ'U	5(gesz'u)	1				
1812	GESZ2	5(gesz2)	1				
1813	GESZ2@c	5(gesz2@c)	1				
1814	IKU	5(iku)	1				
1815	IKU@c	5(iku@c)	1				
1816	SZAR'U	5(szar'u)	1				
1817	SZAR2	5(szar2)	1				
1818	SZARGAL	5(szargal){gal}	1				
1819	U	5(u)	1				
1820	U@c	5(u@c)	1				
1821	ASZ	5/6(asz)	1				
1822	DISZ	5/6(disz)	1				
1823	ASZ	6(asz)	1				
1824	ASZ@45	6(asz@45)	1				
1825	ASZ@c	6(asz@c)	1				
1826	BUR3	6(bur3)	1				
1827	DISZ	6(disz)	1				
1828	GESZ	6(gesz)	1				
1829	GESZ2	6(gesz2)	1				
1830	GESZ2@c	6(gesz2@c)	1				
1831	SZAR2	6(szar2)	1				
1832	ASZ	7(asz)	1				
1833	ASZ@45	7(asz@45)	1				
1834	ASZ@c	7(asz@c)	1				
1835	BUR3	7(bur3)	1				
1836	DISZ	7(disz)	1				
1837	DISZ@v	7(disz@v)	1				
1838	GESZ2	7(gesz2)	1				
1839	SZAR2	7(szar2)	1				
1840	ASZ	8(asz)	1				
1841	ASZ@45	8(asz@45)	1				
1842	ASZ@c	8(asz@c)	1				
1843	BUR3	8(bur3)	1				
1844	DISZ	8(disz)	1				
1845	DISZ@v	8(disz@v)	1				
1846	GESZ2	8(gesz2)	1				
1847	GESZ2@c	8(gesz2@c)	1				
1848	SZAR2	8(szar2)	1				
1849	SZARGAL	8(szargal){gal}	1				
1850	ASZ	9(asz)	1				
1851	ASZ@45	9(asz@45)	1				
1852	ASZ@c	9(asz@c)	1				
1853	BUR3	9(bur3)	1				
1854	DISZ	9(disz)	1				
1855	DISZ@v	9(disz@v)	1				
1856	GESZ2	9(gesz2)	1				
1857	GESZ2@c	9(gesz2@c)	1				
1858	SZAR2	9(szar2)	1				
1859	SZARGAL	9(szargal){gal}	1				
